reviewerID,asin,overall
A2665PMQ6QIEA7,B00000J1U5,4
A26UFBBEXEC4I7,B00000J1U5,1
A1OU2FW26L47VV,B00000J1U5,5
ALDM6DH1HFZE3,B00005108J,5
A3CLO0W8933D9N,B00005108J,5
A25D01W0ITWHRA,B00005108J,5
AV1UYTYIOUGMH,B00005108J,5
A2KTY8C51L5ULB,B00005108J,3
A13CIHKRLE07P9,B00005108J,5
A14V2QCBMBU1TM,B00005108J,4
A3TH0R81AWDJ49,B00005108J,4
A1NA7W62VGQ5JZ,B00005141S,5
AH1T330P6CUIH,B00005AY7G,3
A29KVJT2NQY2X7,B000067SN2,3
A25GKRV0D4T0XF,B00006B8DA,1
A158LLL6GKERQM,B00006B8DA,1
A2Y2BWKXXZ4PE6,B00006B8DA,1
A9Q5CW918HEOW,B00006B7DA,4
A29EGA8RIDPUJ1,B00006B92D,4
A2UNNV07Y9XWCD,B00006BALN,3
A2GHDBWLMYBWYX,B00006B7DA,5
A2TCEKL756TDUH,B00007IFED,5
A3Q4TYJVAM4IRM,B00007IFED,2
A3DWFSJZMQ2I06,B00007IFED,5
A1A3HN7AF50ZAN,B00008XOH6,5
AYM76JWI220Z4,B0000AZK08,5
A18VHHPGCYPIMI,B0002AKX6Y,3
A1KJG4QIFO389U,B0002AKX6Y,5
AR710G52RNOPG,B0002D6QJO,4
AVJFSWXFMXCTU,B0007T27HI,5
A2T4RWV6ROQGIT,B0007T27HI,1
ABZPPYDGHWIVU,B00080G0BK,5
A1Y8D7GCCTB1UT,B00080G0BK,4
A20RYRJNE5DL3M,B00080G0BK,4
A11OBR5EZFBHJY,B00080G0BK,5
A1AXV9LGW8FTWU,B00080G0BK,5
A16H72RLTHC2CQ,B00080G0BK,5
A28PWO7DZP9VWL,B00080G0BK,5
A2ZAVINR7YXSB6,B00080G0BK,3
A27LB0VUIXIX8H,B00080G0BK,5
A2YC3F6YSKZ63Z,B00080G0BK,5
A1COIDXLPLX3D5,B0009Y7AW8,5
A1OSWZ51GO0U66,B0009Y7AW8,3
AK3GKIV8DEY8B,B0009Y7AW8,5
A36A1ZYZH8568P,B0009Y7AW8,5
AB094YABX21WQ,B0009Y7AW8,5
A130VGG4P4PW5J,B0009Y7AW8,5
AOEAD7DPLZE53,B000BMZOBM,3
AWA8ZX5DKKCTW,B000BSJFFC,5
A3KC6FGGHLZXOA,B000BSJFJS,5
A16WP8NTPYB0ZM,B000BSJFJS,5
AJ0B1WKMHMMF7,B000FV8P24,4
A3BXV2ELXCUMNR,B000HJ99DI,4
A3LGT6UZL99IW1,B000HJ99DI,4
A26X7W5UM5QFT4,B000HJ99DI,3
A2HUW1SLHRCF0A,B000HJ99DI,1
AG0UTJXR2B1UF,B000HJ99DI,5
A27C68294LPSDE,B000HJ99DI,5
A1414UT5PFTKBO,B000HJ99DI,5
AJHXHLDK0T8IE,B000HJ99DI,4
A1YOGD8K6EV6VI,B000I97N0S,5
AA4W6F7VT4ME7,B000J01I1G,5
A3SRV62BU7872O,B000J01I1G,5
AX6XVLRQFX2N1,B000JWXPPG,5
A3G39O7LFT4JIU,B000N8DJB6,2
A2PZJYHC2342W,B000SAB34O,5
A38IZVH88BUY7X,B000UW8L4A,2
A3086R3O2WBUJ1,B000UW8L4A,3
A27N1NZLJV4VIH,B000UXZQ42,2
A2J6W7OS5EAXCJ,B000UXZQ42,2
A31P7PKTB5WFXS,B000UXZQ42,2
ADYRUM5DUKP70,B000UXZQ42,5
A3EZEP0FX5BC1P,B000VE2RP6,5
A1QQA7Y92L4F9R,B000VE2RP6,5
A2QMU0JPM9FR3J,B000VE2RP6,5
A36KWGMZ4IG7DR,B000VM60I8,4
A19CS1197JXXNG,B000VM60I8,2
A2XXDLKCVU1RKN,B000VM60I8,5
A33XOG0QL0QMTD,B000VM60I8,2
A1JG665AFBM69F,B000VM60I8,5
A1DAXLOSW1KBDM,B000VM60I8,3
A2DHQG1IBD4TVX,B000VS4HDM,5
A4VUH2Y4HLE4H,B000VS4HDM,1
A22KTP0T62X93N,B000VS4HDM,5
AU7PA1KV5MOMM,B000VS4HDM,2
A3BTAU8NG96N3W,B000VS4HDM,5
AZEYZ3W21Q8KP,B000VS4HDM,5
A1LJ3BCAVCYXV2,B000VS4HDM,5
A33AIA825PWT6H,B000VS4HDM,5
A29SZ3GMB5LR5O,B000VS4HDM,5
A2VDTPQ7J01YS9,B000VS4HDM,5
A2EG27IMPFQOMB,B000W66HZY,5
A3ORMJ46NG004Z,B000ZH98LU,5
A32O6UEI4JFGD4,B000ZH98LU,5
A2DBQZJ9E5N9PQ,B000ZH98LU,2
A1QK8KV4QZLDDD,B000ZH98LU,2
A2TBTC0PIEQ9RS,B00116ZG7O,5
A2HD2PRPJ0O474,B0012JE3YM,5
A3QDGV38RQQT7L,B0012JE3YM,2
A1HPC4BDRLR60,B0012JE3YM,1
A2GP1QHN2GBBUE,B0012Z3MKW,1
A1UH9FCMEP1RJ9,B0012Z3MKW,5
A14P6G6SDGJ9PT,B0015DYMVO,1
A2HI044K4CRPXU,B0015DYMVO,2
A2B633QFQFB40T,B0015DYMVO,5
A1U29J8EEBPETK,B0015DYMVO,5
A3VNKSZ91HOPUO,B0015DYMVO,2
A1QIHT12HST790,B0015DYMVO,3
A1GYVLHBVPQHB8,B0015DYMVO,4
A1OE7IYS69FVUD,B0015DYMVO,1
A1QPXEUAZFNCKM,B0015DYMVO,2
A3N8JJYAKZJN64,B0015DYMVO,1
AJJT3CPWMI91I,B0015DYMVO,3
A3CW2S9GK3TO82,B0015DYMVO,5
AZZTCG8URXK9W,B0015DYMVO,5
AO36V0SB1ACMK,B0015DYMVO,5
A22PRSKMTJUIF1,B0015DYMVO,5
ANWB7D10LPJFU,B0015DYMVO,5
A1P0EP5KFOTBIJ,B0015DYMVO,4
A2TPE6TCFEHY2W,B0015DYMVO,5
A1XWJ0NABYC1MA,B0015DYMVO,4
A1G6LD5VL0LE23,B0015DYMVO,5
A32WDBGM8L5WBR,B0015DYMVO,5
A2EDY51UPHPPHV,B0015LURY2,4
A2839YEN2UMYFM,B0015LURY2,5
A2Y3EXMNVOV2IO,B0015LURY2,1
A1XDMYX8QOW07N,B0015LURY2,5
ASVIHZ2EG3HZI,B0015LURY2,4
A3GO8G3VRUSN01,B0015LURY2,3
AZZOQCD4U42P0,B0015M22C6,5
A35KZ5WD51H7PK,B0015M22C6,4
A3MAUGSK95UVWJ,B0015M22C6,4
ABH99P96ICSOC,B0015M22C6,4
A26S0R5B6D0BP9,B0015M22C6,5
AGL95K4GLGZ4J,B0016RNX2I,5
A3HCMJOGRRSAF2,B00175VDY4,3
A3S3R88HA0HZG3,B00175VDY4,5
A3OQGX7T9GL0LD,B0017JY5F4,4
ANFB64WF3VOD6,B0017JY5F4,5
A2ZDY0V4Q1SZD7,B0017JY5F4,5
A2XFVS9GBQW2U1,B0017JY5F4,5
A2VRYQBXSTA424,B0017JY5F4,4
A2BT0VSRSO56G9,B0017JY5F4,5
APJFQN4KTXUHR,B0017JY5F4,4
A3MKF448PJTEUZ,B001ACKIUO,4
A3E38BLFU09ZF1,B001CCMYV8,5
A32I9B725XTH5O,B001D7REJ4,5
AKXAZ603GRRBK,B001DBF07I,5
A3A57GX8FJ4QNQ,B001DBF07I,4
A376OJHLE6SU9Q,B001DBF07I,5
ABIVKBMSIPEDY,B001DEYVXO,5
A29FHJJ26JPOMQ,B001DEYVXO,5
A1D2YN2BDJLMWD,B001DEYVXO,5
A3DJX3PX4FJUPD,B001DHECXA,5
A2I5QH4F5FDKK5,B001FB5CI8,5
A2CFV6RHNTWDCM,B001GUY5PY,5
A145PRLW7F0A12,B001GXQMXE,5
ASRA2UZ3JV87B,B001I8Y176,5
A2M50XP8L65W7M,B001K9BFB8,3
A18S63SLWHGY4M,B001K9BFB8,5
A3GXHIAUFJ3TWU,B001L16R22,5
A29F7KXRIPLNYH,B001LDRNY6,5
A1AZQYCTXIPQAD,B001LYUG3A,2
AOK6J0QF7R17K,B001M547EM,3
A1PLLPWFHY7QLR,B001MSS6CS,4
A2F1P10GGZ7K2T,B001MSS6CS,5
A1VP5ZED9CTRNE,B001MSU1HG,5
A25HNP8ZULS723,B001MSS6CS,5
A2WYEZIA00RFCP,B001MSS6CS,4
A3P2NJQ1K4NUZW,B001NJ27QM,5
AI819O4RWPS6O,B001NJ27QM,5
A2I0TYOFPCIRMP,B001NJ27QM,5
A1L2TZ17EGCVWG,B001NS0OZ4,4
A2H0IIGX6IC3OI,B001QXDSRW,1
A2OIC64ZGEVHRZ,B001SEQN3K,2
A2Y45TJ471YD5L,B001SEQN3K,3
A3QX0ERX4D03TF,B001SEQN3K,3
A113DZT5IH22N4,B001TAAVP4,5
A3ESWJPAVRPWB4,B001TE0IMG,5
A252WGOTW1GOOR,B001TH7GUU,5
A2KNIU4MBVRI82,B001TH7GUU,5
A29QMIN1UPI2AD,B001TH7GUU,5
ASVBQ69SB38EY,B001TH7GUU,5
A1BR1Q63132DWG,B001TH7GUU,4
AKX5D7FRPT4WM,B001U3SU8U,1
A1Q6DAXHHIP482,B001V7XPSA,5
A2F2U4O1U6MN9J,B001V7XPSA,5
A2ECHUZCUNOG6R,B001XHBNN2,4
A28BX3MM90A6FI,B001XURP7W,4
A3R1WFO4KIUQXZ,B001XURP8Q,5
A29ELZ0R2VXILG,B001XURP8Q,3
A3SXM4W15LEIED,B001XURP8Q,2
ABO8GY1XRN3E,B001XURP8Q,5
A3CHCBV871PDNA,B001XURP8Q,4
A3SLEB4QSVW581,B001XURP8Q,2
A2OMLOE9HSL33E,B001XURP8Q,5
A3D3S8KFM24EMG,B001XURP8Q,1
A2Y5NI5AOZMK6D,B001XURP8Q,1
A2L6GDFGKYC6GP,B001XURP8Q,4
A36B4WXFH2LISD,B0021AG0QK,5
A33IJGLTVS5MDS,B0025VKUPM,1
AX7H4ZTOAKB00,B0025VKUPM,4
A3IRZPCQCVCF5Y,B00274HQY0,4
A1EUDKGZ5VNKEB,B0027838CU,5
A2YE2GLUQUVLYA,B0027838CU,5
A1FLLR5P7EVASS,B0027EMHM6,1
A39X0S8B3LVEU5,B0028Y4D5Y,5
ADGASLSN4C0PC,B0028Y4D5Y,1
A3HLW3ASVSTED6,B0028Y4D5Y,5
A3CSQYZ11S3VR3,B0028Y4F4S,5
A1F0GWKAOVHJJH,B0028Y4F4S,5
AUQPP5X315VRM,B0029U2YSA,5
A3B1CKKF33MEAR,B0029U2YSA,5
AL0LSH1UP46JY,B0029U2YSA,1
A3VYGDBHEWF920,B0029U2YSA,2
A2RL0WQ92MTN6R,B002AQSTXM,1
ASR7145BJLFIW,B002AQSTXM,4
A3V9ZQ7GGN56VJ,B002AQSTXM,5
A10U8DJAPJJI8I,B002AQSTXM,4
A30QCX266UGGFJ,B002BR6DF6,5
A353YNGV6WYC82,B002BR6DF6,5
A2AJ8CTLPGAHL7,B002BR6DF6,5
A2WVTRNQMUW1HX,B002BWOO2K,1
AFXAUTNH7I5TU,B002BWOO2K,5
A38WZ3WVV7LCNN,B002BW6DBU,4
A3N9TOPHBENB9I,B002C1BBU8,5
A1Y5IF71BX7URN,B002C1BBU8,1
A2D5GELKLI0AA8,B002CLKFTQ,5
A28LXIZQOEQ6KY,B002CLKFTQ,5
A3CRZES2J9OOOL,B002DHPZGM,3
A3461WXN27BV0F,B002EUCU3O,5
A3VW8ICRGYBU7W,B002GH8OCG,3
AZPPOYVBIYTVO,B002GH8OCG,5
AROBVTJRMG6NH,B002GH8OCG,1
A1KT8QQ74E3SVQ,B002KC8S3C,5
A3NLV6WVEXXDBU,B002OMB7FE,4
A12LTYDEZDUEIV,B002QFOKOO,4
A3R4794K2RVU1S,B002QEBMCI,5
A2EVDHF9SBVK23,B002QEBMCI,2
AOEDWQLH2WKKW,B002RL8IAY,5
A2ALMW6CSEEFBE,B002RL84OY,5
A3S2FM1HLD1VQY,B002SNBAX8,4
A7EU2BWLLCJY2,B002SOKFNS,1
A1A76DZ5UVEK3F,B002SZEOLG,5
AECVO967GLWZI,B002SZEOLG,5
A240JGMTVQXZYV,B002SZEOLG,2
A1K9MWAQRC32PS,B002SZEOLG,5
A1VV6G2QM692M,B002SZEOLG,5
A6MD2MCGRIPZA,B002UVNW5W,5
A16YEYIEXRMQRN,B002UVNW5W,5
AD5UT03Q3OP9,B002UVNW5W,1
A1CFHOZVK5EU5B,B002UVNW5W,3
A370OY1VNOSXIP,B002UVNW5W,5
A3CBT5TYEHK4QF,B002UVNW5W,5
A2FP7P3U71DGX1,B002UVNW5W,5
A2U68C102W0MJ3,B002UVNW5W,5
A1B8O67VSDW2O5,B002UVNW5W,5
AU1U2IRRPC58L,B002UVNW5W,5
A1OH2FO5VVVQJH,B002UVNW5W,5
A2NQV2BIH8E8OA,B002UVNW5W,5
A1S1G6D3OPR4QX,B002UVNW5W,4
A1627N7UHBADM8,B002UVNW5W,1
A3GWN8G5GOHA4Q,B00310EES0,1
A298K4I55X8ZPC,B00318CRNQ,5
A2ZNDLI2VULCM0,B0031NF116,5
A37VMN8830BG4J,B0031NF116,2
A1PBGTDI95Y4CN,B0031NF116,5
A18HE80910BTZI,B0031RG2JC,4
A2LIPLT5LJTN5B,B0031YFK5C,5
AWWDV1M14ME2S,B0032FOK1K,4
A2L4UHYPE4RQ7I,B00348K5XW,5
AAFZJOTHLCOWW,B00359EXZG,3
A22K3QZ9T51COO,B0037ECAPO,5
AIJQU979J6UFY,B003809LBS,5
A1DQHS7MOVYYYA,B00387EW1U,5
A1PRM8YHXIYVT7,B0038LILTK,5
A1PN0QNVHZ2ENG,B0038LILTK,5
A3EAFIXNIA16S4,B0038P1TP4,4
A33WTFZCYRI97K,B0038P1TP4,5
A1HIODF3FD2UD7,B0038P1TP4,5
A345F5RT0H9E1Z,B003B4BBFK,1
A37F9EF31N5Z4Y,B003EOATIW,1
AQJBVJBCO8E42,B003F5NS9W,5
A26SMRIK62RDAW,B003FO0LG6,5
A18WSTFDAF2391,B003FO0LG6,5
A6S1LPSQOVEUH,B003FO0LG6,5
A1PWEK47AFCEI2,B003G2Z1M6,1
A10G9BCZ03ARRJ,B003G2Z1M6,4
A3GJL8FTC5O4KW,B003L18RZU,5
A3OYLT8TI1YGC4,B003L18RZU,5
ATGUD6BO44IM0,B003MB780E,5
AZKV2TUM0BUUV,B003MB780E,4
A1KKXLE2GQ9R0B,B003MB780E,4
A3CA2LZ8F6SZNW,B003MB780E,5
A3RR3H0GDBVC34,B003MB780E,5
A2M4CD639HSL7Q,B003MB780E,4
A1IBT81PPRG115,B003MSUDUE,5
A3NTPRP6C4GBVD,B003MTTJOY,1
A1VVNKB0UPUV6X,B003MTTJOY,5
A2I8BXH8FFN4QA,B003MTTJOY,5
A1IGYU00S558CX,B003MTTJOY,5
A3V1N0HRHE52P2,B003MTTJOY,1
A2HYG360E70YK9,B003MTTJOY,5
A89TNHJTE2TXC,B003MTTJOY,1
A3H63FQ39TF54B,B003MTTJOY,4
A391XX759TELA3,B003MTTJOY,3
A17EA5BKBJORVF,B003MTTJOY,2
A3PUMI4XMFQBDN,B003MTTJOY,1
AKCV2JKS24HI0,B003MTTJOY,5
A3AJ7JPRPK0IGR,B003MTTJOY,5
A2CXWQSPCI8433,B003O9ATDM,5
A397ATMYJTWXZK,B003RRY8ZG,2
A1251HLHRSQQEW,B003SWEIH8,4
A1QPT40XE8ZDHZ,B003VTZ070,2
A12L61MZQMWH5V,B003WM2N94,3
A3RK02FV9V51MB,B003WM2N94,5
A2J7D47MHKVB9,B003WV5DMO,5
AXJWP32O6WRJN,B003XN24GY,5
A2C49175IKF9IO,B003XN24GY,5
A2B6BD8C00XEOT,B003XN24GY,5
A2VYB07TMKONDB,B003XN24GY,3
A23SV4HUNOE6HJ,B003XN24GY,5
A33S0P5H9O035E,B003XN24GY,5
A7QV6Q7Y6GHO2,B003XN24GY,2
A94S2Y2RON2II,B003XN24GY,1
A1YTTJIUF1AY2A,B003XN24GY,5
A2K0D19N83G6U2,B003XN24GY,5
ANWQ2K7XPPN9J,B003XN24GY,5
A3H57UC5N4E6MI,B003XN24GY,5
A1W5L999VHZPQ,B003XN24GY,5
A289VI6ZF1CQQG,B003XN24GY,5
A48W0JGQN3QRD,B003XN24GY,5
AARM21FV3HOWV,B003XN24GY,5
A2WXFI0FPJEN86,B003XN24GY,3
A29WBHHYAAJJPY,B003XN24GY,5
A2XX2A4OJCDNLZ,B003XN24GY,5
A2VIBIT9BYOI53,B003XN24GY,5
A1G0G9QUKMPLHC,B003XN24GY,5
A2T8YH950PQVEG,B003XN24GY,5
A5OXSZ6JI3WW0,B003XRGXDK,4
A3DPDUFRTXKAMI,B003Y6UNI6,5
A76N7JPWBTURO,B0040I7J6G,5
A3GSGG1WDWPBIR,B0041Q38QM,5
AHNQW1XO32QT0,B0042AG1D4,5
AHIII6GUEQ7WK,B0043RZ9SY,5
A3HQKIJ6ZFQB87,B00445TG52,1
A2G3M03VIVKTEF,B0046RDR5I,1
A353U0L2HAMSHV,B00471GE5S,4
A3NRGI302B6NUA,B0047AALW6,1
A31FMAHPE6EWLX,B00499DUAK,3
AF03NDXR2PIFX,B0049U3S74,2
A316H15LKXNJ1U,B004A98YTG,5
A37ZYG06CDDICD,B004A9XB6W,5
A29JBGVFRUAO9E,B004A9XB6W,5
A3V13KLL0HAMR7,B004A9XB6W,5
A2CDWX2E847UB3,B004A9XB6W,4
A2B4ZR4WZ2EXLQ,B004A9XB6W,5
A38QAVV2NSKLY2,B004A9XB6W,4
A3DR0O3WVPEKJO,B004AT03YK,5
A2SHT3A9MNKA7Q,B004AT03YK,4
A3GAWO7AKFKOJW,B004ASW73G,5
A3ENPKXGLJRPDA,B004AT03YK,4
A2LJB60IWX4PHK,B004ASW73G,5
A1BLGSCR5XJAZQ,B004ASW73G,1
A33QGA7O5KAZ46,B004ASW73G,5
A2FJMK3TJT2DS3,B004ASW73G,3
A2OLJNOIJGMG2N,B004ASW73G,4
A1JRDR6QJK62Y6,B004ASW73G,5
A1J34A4DNH8TVE,B004ASW73G,4
A21GW4L8FO307V,B004ASW73G,5
AGH1QUY05EMD3,B004ASW73G,5
A4KV348EU9LI7,B004ASW73G,5
A27995O0ZP01WW,B004B0H5GC,4
A2ZW8FZTH5U1BE,B004B0H5GC,1
AOMDRM0XPHVCH,B004B0H5R6,2
A1MRPX3RM48T2I,B004C5MVBK,4
AG2SALIW50YSC,B004CRUZ48,5
A31B94PSQ7JHVB,B004D06XJ0,1
A276IDHS4L7DRH,B004E9SVFO,3
A212VT0OJUSBKE,B004I8B8Z6,5
ABAHEF328B1JU,B004IYJWVW,4
AX992WXG50MIK,B004L9JZ9S,5
A1JME4J34792D3,B004LB4MZS,5
A1LL4YXKTS9ISZ,B004LFNCVY,2
A2GMHKGTEN3IYU,B004LFNCVY,4
A2RZNVGMQCD2V6,B004LFNCVY,5
A15IQ1KBXUXFUX,B004MKNNGW,5
AIFCBL7V2DJSK,B004MKNNGW,4
A11C0JG52U5F2E,B004MKNNGW,5
A96TVYCTIM44J,B004MKNNGW,4
A1XGWC6VLRMUWO,B004MKNNGW,5
AOXXCWMIG217L,B004MKNNGW,5
A7OCB1QNNVBZP,B004QD9E54,1
A253CSC3JZWS50,B004QJOZS4,5
A2TBUNBRN70HAH,B004QJOZS4,5
A35O0E66TJG8E,B004QJOZS4,5
A2VJQTMET0QJDQ,B004QJOZS4,5
A3608WD70C94XG,B004QJOZS4,5
A2K13BULPRZXP5,B004QJOZS4,4
A2KO27HXJWYKLI,B004QJOZS4,5
A8TVGBFR3DANB,B004QJOZS4,5
A33RIETK5K8K9G,B004QY2KL8,1
A37970VS3JWDD,B004RPS010,2
AKW266ENXIDC6,B004S50WPG,1
A1ODSZGIRJ4ZN4,B004S50WPG,4
A1UUVRJLGFJUE6,B004S50WPG,5
AQV1V44SZNAJJ,B004S50WPG,4
A2O5ST1GKH15SC,B004S50WPG,3
ADPD9NIHCVN86,B004U4KVBA,1
A2JLUY0SSZLR6O,B004VFFJ6A,5
ANAANW7N0E73N,B004VR7XCG,5
A12TL45KJR4CSW,B004WM36WG,5
A1YSQD6GIOKR4F,B004WNLPGO,1
A1T9KOYXKR4K8,B004X63D2E,5
A1SJ2XH93XBU6I,B004X63D2E,5
A2CLFYJB0P0F6M,B004XFZTSQ,1
A3P7OO2Y1C888F,B004XFZTSQ,5
A21HKL8WSQWLQM,B004XLAWZA,4
AAA58U6VINV7C,B004ZNA3UA,1
A2VANPK2X1369D,B004ZNA3UA,1
AJA31UYVQP4UI,B004ZNA3UA,3
A1TF6592YOPF0Q,B004ZNA3UA,1
AH5BCMZELZSKG,B004ZNA3UA,5
A2N6850P9TDYFW,B004ZNA3UA,4
A1Y2HJEX81XBCO,B0050CEEIW,5
A19H8SQC5NI0YB,B0050I1P4C,3
A1KKD5Y90YWGCL,B0050SI9W8,5
A2757EPQSM4EG8,B0051GN8JI,5
A2WNUFV4ST66O2,B0051GN8JI,5
A37Z3FWDW7JFDI,B0051G5SD2,4
AJP45EYVBQSTP,B0051G5SD2,4
AH2XPY160AHS0,B0051GN8JI,5
AD16ADNEWJE24,B0051QQJ44,5
AYL9K9SEVDF4Z,B00535CMEE,2
A3Q6ZPW60CVF2L,B00535CMEE,3
AFA2O5DZIPI2O,B00535CMEE,5
A2K4HN6EECBNR3,B00535BRBI,5
A1UGM8EQGUI5FX,B0053O9ZN6,5
APRNS6DB68LLV,B0053ORV64,5
A195EZSQDW3E21,B0054X8CEY,5
A1XYD7J0PKGZ8,B0054YQO5C,5
A1AKUNFI7H0XM2,B00556NMMW,3
A29ES5PXIOSU9H,B00556NMMW,2
ACTMZJ4EUOC65,B0055D0ZNE,3
AEGFAE997FHB5,B0056HNRPC,1
A22FEY9ZI9JSX1,B0056TYTV6,5
A13FLDVUX6S7NV,B0056TYRMW,1
A2VUHPCBYEZS40,B0056TYRMW,4
A1NB2ARNV5DAC0,B0056TYRMW,4
A1F2FKAND46L2G,B0056TYRMW,5
A2IXRQWVEW0E2H,B0056TYRMW,5
A2IMLOJ2Z2QEU2,B0056YNA9I,4
A1ZKFV5APWNB3U,B0057XCUXK,5
ATYA5H6H9J43F,B0058BG0UK,1
A2R48E8RSQGSDN,B0058TUZTO,5
A2JN8FRFE6ZVD9,B005BCNAWW,4
A2HGXEMSM5A0VZ,B005CG2ATQ,1
A1A6VCO88M380S,B005CG2ATQ,2
A19W47CXJJP1MI,B005CG2ATQ,5
A3G5MOHY1U635N,B005CG2ATQ,3
A1QKTYI1316FU2,B005EJH6RW,3
A1ECSSPGSK4UHV,B005EJH6RW,3
A3TYONQ6HRVDUS,B005EJH6RW,4
A2WUYJBF1E1T4E,B005EJH6RW,5
A16PV1V7ZTBG2W,B005EJH6RW,5
A1Q7OJORGOFNLO,B005EJH6RW,5
A2QEY8ZXMOP6HJ,B005EJH6RW,5
A2TGEPAINVISBE,B005EJH6RW,4
A1ZY4A87QNKYRZ,B005EJH6RW,4
A244CRJ2QSVLZ4,B005EJH6RW,5
A550J64U4TYYP,B005EWB17A,5
A2W9GX82SLKROQ,B005EWB17A,4
A1RMFP15HVUT3V,B005EWTKAA,5
A1CS6FGM6TMQ3D,B005EWTKAA,5
A2BIHHH6CAMP6B,B005FYNTOK,1
A2AA1DL2WOCLYB,B005FYNSUA,1
A3384JEPXV0FJI,B005FYNSUA,5
A3MANVZV8QXVK0,B005FYNSUA,1
A2L9CJ5FM0EGM6,B005FYNSUA,4
AXL4EURQ7UN2V,B005FYNSUA,5
A2T7YXH5Y6HS6C,B005FYNSUA,3
A1H3QPK626GUMV,B005FYNSUA,5
A1BQ2DT15DQ86N,B005FYNSUA,2
AUJSKFC7T589Z,B005FYNSUA,4
A21RMLSZNFDRO1,B005FYNSUA,1
A30ZOSA8ODSFP1,B005G306I2,5
A3TUGV5BI2SDEK,B005H3Q5AE,5
A294RBBLHESBMR,B005H3Q5AE,5
A1DI3X0EOE5PY9,B005H3Q5AE,1
A2M14CFAMF8J7I,B005HMKKH4,5
AWW0JIUH84TIK,B005HMKKH4,1
A24UFS66TT7Y4I,B005HQ51OW,4
A32E3DC9YL2HYY,B005HQ51OW,5
A3LAKFK21AQPSE,B005HQ51OW,5
A12DQZKRKTNF5E,B005HY4UG4,4
A1U1A4MR2CWRIB,B005I17WCA,5
A2NR75GMH2BB3X,B005IOLBT2,5
A15RO1U9QHMS7J,B005IOLBT2,5
A2AF5GE0N8UY0E,B005J7YA6O,1
A2A2MHLBXT808I,B005J7YA4G,5
A226MK28WE5VF1,B005J7YA6O,3
A3HGP21H2MUATX,B005J7YFLY,4
ALOR17H5VOHG5,B005J7YA4G,1
A26H0I7JX18219,B005J7YA4G,5
A10LPCWIHS4TWT,B005J7YA4G,5
A17YXDVMGV89J4,B005J7YA4G,5
A2FLTY69FAI5IK,B005JFUI6M,2
A3E4Z8NHLI5D2Y,B005JFUI6M,4
A1RHALXYTEHZFE,B005JW6VTS,5
AXE5NR6E8Y5E6,B005KSAG3S,5
A35K1FNE06IRQJ,B005LDG406,4
A14I321RLINHLJ,B005LJKEXS,5
A199DS08T6USPR,B005LTBOIM,4
A113U8YJ7HLFKP,B005MNGQ6C,5
A3B7HXUL15AOEL,B005MNGQ6C,1
A1UF75XLR2I4UM,B005MNGQ6C,5
A33HIV8RXRDM88,B005MR57R2,4
A3PGGVAY8PKSAY,B005NEPZ80,3
AFDC4LIJUI4F7,B005P2BY5I,5
A1X3YDBWC7PBML,B005P2BY5I,5
A1OWDTAT2ILWD8,B005P2BY5I,5
A2YY8RFLGIKXHI,B005P2BY5I,2
A2RT5MVGY7O1JQ,B005QRMAJG,5
A3DFBOVQUBV6N1,B005QRMAJG,5
A33FL1I0PLM0M8,B005QRMAJG,5
A3FKS86T27GSZE,B005QRMAJG,5
A3QDTZPLEQRC0S,B005QRMAJG,5
A74UT8IQCM0I2,B005QRMAJG,5
A3I2THJJLX63ES,B005QRMAJG,5
AB2JTA50QWC7V,B005QVY65I,1
A28PWQFG3OWH9D,B005VAORH6,5
A36DH9QOUQIJPL,B005VAORH6,4
AHJVZ8NN1NXDR,B005VAORH6,5
A1FL9PH9WVOCL8,B005Y8BYOE,1
A3J1RFEHFLP0MB,B005Y8BYOE,5
A26CKJ7TG1RB5N,B005Y8BYOE,5
AQ01HZ1QXZ3DR,B005Y8BYOE,5
A32HAMICRE52M,B005Z2AEMM,4
A2EN82VBJT44QP,B005ZSDBV2,5
A2KVW8BZEQRI56,B00603S1OS,5
A2M0T19QROOR6G,B0062IMERQ,5
A1UJA50HEURMF9,B00632SOD4,4
A3MF5GC81U7W4Y,B00632SOD4,5
AW67GB4EXM1F1,B00632SOD4,4
A2GKMXRLI7KLFP,B0064LWISQ,5
A1OVSKQCT56NTT,B0064LWISQ,3
A7TNSUGHYDSU,B0064LWISQ,5
A28NNY8RA9EVW1,B0064LWISQ,5
A2S1PKZXU7LUXR,B0064LWISQ,5
A322ZKD4XBJPB0,B0065DUJ0C,4
A989X3JOT6BYI,B0065DUJ0C,1
A1EVTS3FKVXNOD,B0065DUJ0C,5
AF0JDL38YPGXN,B00671E8DG,1
AWA67X0KLV3TR,B00671E8DG,5
A688LHOU9KLBV,B0068Y7HUS,5
A1W617R34QVE79,B00695MXE6,5
A2FTI6FYMKQ1LC,B00695MXE6,1
A1JOUATPAMAQ5U,B006B3PADC,3
A29BUI6U3XEHW1,B006BUVP5M,5
A14XHT5SRBBNCN,B006CSKMKW,3
A1HBRDWNP90UC4,B006CSKMKW,4
A15L6NE2YJRQ3Y,B006DDT6L2,5
A2D2C32DJ4NI9L,B006DDT6L2,5
A2DFRG2H8LALRN,B006GCYAOI,4
A2OC225RVN9J1V,B006L6ZL8I,1
ABZT2JPX63P1W,B006L6ZL8I,4
A1ENEUNA9U2FUE,B006S9GYXY,4
A62H6Z11GTM0C,B006THNH7Q,2
A3FQC08ERY167C,B006TS510Q,4
A38VI9M6QIDPI3,B006TVQU6C,5
A3AJ0CPU6ZX49P,B006TVQU6C,5
ADM1538922HDP,B006V72AE0,1
A17R16KVZNQ5GZ,B006V72AE0,5
A3SEV60TIEDPL9,B006V72AE0,1
AVKLSFC7NX1E7,B006V72AE0,5
A1CI7RN1DUA8AF,B006V72AE0,5
A2ED5O3NIAIV98,B006W8U2MU,5
AKS5WLS8W6ZZ4,B006W8U2MU,5
A1QAR0TZA321DW,B006W8U2MU,5
A2KAOIY8M4D044,B006W8U2MU,5
AFI21GZLOTSG2,B006W8U2MU,5
A3JRVV76ITC27B,B006W8U2MU,5
AHLYPNMRTEG6E,B006W8U2MU,5
AAXY23DD24VG3,B006W8U2MU,1
A36MP3KS4IV59N,B006W8U2MU,3
A1OPYK8WSL1ZHK,B006W8U2MU,4
A21O5ULBAZD8SZ,B006W8U2MU,2
ATJV2QXNSN0UJ,B006W8U2MU,1
A2K8HU1HDA1XSD,B006W8U2MU,4
A3NN89DIPJPCJU,B006W8U2MU,2
A343V8TMY024M8,B006W8U2MU,1
A35RQLK7B2ZPGA,B006W8U2MU,5
AZRAGVPSIS3MN,B006W8U2MU,5
AJ9VS7WMBIIV9,B006W8U2MU,4
A1EEFQ7GJE51WP,B006W8U2MU,3
A3AG5QAT8L0I3R,B006W8U2MU,5
A15ADZE1K9839O,B006W8U2MU,3
A15ZD6M3P008D2,B006WPR60O,4
A1HYBYNQHKWD3L,B00703BOV4,3
A2D1LPEUCTNT8X,B0071HZ5RI,5
AWJ7O6ACSVH4L,B0071I0EL4,5
ALXX1I6UXYOWZ,B0071I3MUY,4
A1V9ZAVIEJG3,B0071LSAR6,4
A1LEVYAF2574GW,B0071LSAR6,3
A2PTEG16XQGBP2,B0071LSAR6,5
A2NKGLE1KJG9EC,B0072LGY5K,5
A2G2OXC1G8SP16,B0072LGVOE,4
A26SBERFSTW1UC,B00752QYLU,5
A1N8FRMRYUHHV0,B00752QYLU,5
A1BE0I1HS7E6R3,B0076KQRXG,4
A2KP9LAYQJ0F87,B0076KQRXG,5
A2Y2Z2633O51W5,B0079VXOWO,5
AK0AZ175B3XSJ,B0079XWPFY,4
AOMODS87TOLO8,B0079XWPFY,2
A2AM9IPXQKNO8L,B0079XWPFY,5
A258AH2F76P06,B007B4UKOE,1
A1G24ZYOU6FVST,B007B4UKOE,5
A32TE15FW228MO,B007B4UKOE,1
ANGVF44ODDYD0,B007B4UKOE,5
ALOST2O7OILWV,B007B4UKOE,5
A13DI3TX6ULCEC,B007B5PPTS,5
A2OC5SGVVHTBDX,B007B4UKOE,2
A1OQ7KWZ7BL6IN,B007B4UKOE,4
A2YROE2RSA9BCQ,B007B4UKOE,5
A30M8R4T8LXEVU,B007B4UKOE,4
A1ZCV0IX1PIT63,B007B4UKOE,4
A3B2WSZZXJCQJ9,B007B4UKOE,5
A322S7LE7RZC9Y,B007B4UKOE,1
AGNURDZC3AL0V,B007B6YPN4,4
A6BUD51Y6QVS1,B007B4UKOE,4
AAA0TUKS5VBSA,B007B6YPN4,4
A11VECWKNTAQ2C,B007CLWN5A,3
A31N0XY2UTB25C,B007CLWN5A,5
A309AAAJ1AD4PK,B007FZR240,5
A188S2HH77HKAN,B007GFX0PY,5
A2YKWYC3WQJX5J,B007GNMS5Y,5
A9ONILFNCF4L1,B007JFA3YC,5
AW12F6FJ99WCV,B007JPVYFO,5
A2ENRUVUEJGOQK,B007JPVYFO,5
AUNN3E6VGZNM3,B007JPVYFO,3
A2KR1481ARVYNP,B007JPVYFO,5
AKDQ9TVXSEFM0,B007JPOX8O,5
A1JYVVCCTROCVE,B007JPVYFO,5
A39U6GDOK9HEYP,B007JPOX8O,1
A1HVA05BXOWQCL,B007L6NYAO,5
A2C2RML9JHT3B6,B007L6NYAO,5
A3AP96RMBZWYBY,B007L6NYAO,5
A3CJ7EHUS0G8IH,B007LLYAB6,4
A3NID9D9WMIV01,B007OWTTAO,5
A23IHYV8JDP0YX,B007OWTTAO,4
AO0W55ZH60JRE,B007SAOI9E,4
AEJAGHLC675A7,B007SHJIO2,5
AR8989NYYS825,B007SHJIO2,5
A32GOCI9S6U7KM,B007SHJIO2,5
AVG1PZZ5GWN1N,B007XJIYI6,4
A2MFHJ08ZX3O61,B007XJIYI6,4
A2RVOXG6T15VV4,B00834SJNA,1
A3BLXBZ1I82B5K,B00834SJNA,1
AXVQOM7JX0MB5,B00834SJNA,4
AE16WAPPF7GUA,B00834SJNA,2
AFCB06SEOCO5E,B00834SJNA,3
A5TFF8PLKRCOJ,B00834SJNA,3
A2TFRNUZOE5OLQ,B008ABOJKS,4
A255CWYV6CY7EC,B008ABOJKS,1
A3HBG8XBZLK38A,B008ABOJKS,1
A28PQ9EX1MDCXP,B008ABOJKS,5
A1SPS3K4XIAD8K,B008ABOJKS,5
AW7BADKPHS7Z0,B008ABOJKS,1
AZYJ04EZX3ZUA,B008ABOJKS,1
ALBMGLK0V8TDE,B008ABOJKS,5
A2J9B9PWG1YXXQ,B008ABOJKS,2
A1ENNNP497SK88,B008ABOJKS,5
A3S53OGKV4K8RD,B008ABOJKS,5
A153ZBLSYCM0QL,B008ABOJKS,5
A2IM0EYAAK313I,B008ABOJKS,5
ADT3LLGLU1W2O,B008ABOJKS,1
AUPTHX68WMQIQ,B008ABOJKS,3
A2FYX7NETE3I6N,B008ABOJKS,3
A1PJV57LWT9231,B008ABOJKS,5
A2K65SLJW972IN,B008ABOJKS,5
A3L9YV1HSJA1U3,B008ABOJKS,5
AZSMFSE4XKKAO,B008B6ONXK,3
A2OQO61ELLPOVU,B008B6ONXK,5
AVSM873X4XWAB,B008B6ONXK,5
A3NFTWJSPBFERU,B008B6ONXK,5
AHZ1621HAOTXL,B008B6ONXK,5
A1WUR3WOHYW073,B008B6ONXK,5
A174PNLIUDCKNZ,B008B6ONXK,5
ALIHLVI37JO4M,B008B6ONXK,5
A3QTXVYK5017RE,B008B6ONXK,5
A2EGVV7O4CEOIT,B008B6ONXK,5
ALOGHT5Y76DED,B008B6ONXK,5
A2LVV3GA8LN557,B008B6ONXK,5
AQZ6NJPDQBV52,B008B6ONXK,5
A1P1YPHUSPID1Q,B008B6ONXK,4
A38ZRAZ4DKFGL6,B008D6YZXG,5
AM75LMV2DEOXP,B008D6YZXG,5
A1NFBUN1XRR14K,B008F4USMS,2
A2IWLR47QXU1G0,B008F4USMS,5
A2HT30WIINB4S5,B008F4USMS,5
A36HZGFFSW4FWG,B008F4USMS,5
A1VKNIOWOJS9JJ,B008F4USMS,5
A3EU4VMTF3XGFL,B008F4USMS,1
A1I7YJQERM0UCR,B008F4USMS,5
A2VEPTUO8JWX1R,B008F4USMS,5
A1WB7Q8TFD9WLC,B008F4USMS,1
A2F89A4TEZFG63,B008F4USMS,5
A1RZ4VH27NLDGS,B008F4USMS,4
AOVS68MTR42NX,B008F4USMS,4
A33TK5G9P65TSE,B008F4USMS,5
A3HRD5L1SNCBN0,B008F4USMS,5
A32WNCWE8ENFI9,B008F4USMS,5
A26TSWMKGJBMDZ,B008F4USMS,5
AH1KFYQ14E3OE,B008F4USMS,5
A326VGQ6M6A7JV,B008F4USMS,5
A3HXI1VWIV3QXW,B008F4USMS,5
A3P2BN03TKIPQS,B008F4USMS,4
AUHRS3PHBOT70,B008F4USMS,5
A2BJTTWW9BD65X,B008F4USMS,5
A3NKR7U7IANZMU,B008F4USMS,5
A179FE9R6F7GAL,B008F4USMS,4
A33QVIF8IUQVJ4,B008F4USMS,3
A1CHWLTC0TPPTM,B008F4USMS,4
A77NUS66DRII,B008F4USMS,5
A11LIFTP3X8SVP,B008F4USMS,3
A1ZXDZTS7PUZOK,B008F4USMS,4
A30QXT0IOCLAAO,B008F4USMS,3
A3237FOR4LVBZO,B008F4USMS,5
A2UVMIQYBS2HHU,B008J0ZOUY,5
A24LBRNHM25OPO,B008J0ZOUY,5
A1DBZKBP9QBKV7,B008P8ELDQ,5
APB7S1XTPWXGR,B008P8ELDQ,5
A2YMEVVXN6184V,B008PQJWC8,5
AF272QU9A1GO2,B008PQJWC8,5
A2EXJT59X9D6RN,B008R6OPQE,5
A3R9ZOSZYIVNO9,B008VQ2YUY,1
A2J042WGJX4054,B008VQ2YUY,5
A38NHXL5257E3B,B008X1BV2Y,4
A3BH9XC0BVO1AG,B008X1BV2Y,4
A279FUL12R7MBD,B008X1BV2Y,5
A3LU71U76WL5X6,B008YT59Q4,5
A1BADFGFFUL753,B00906GBBC,5
A1SS7MDT2KCD61,B00906GBBC,1
A3NW9AMHX90IJO,B00906GBBC,4
A2YYOBFO0I6A9H,B00906GBBC,4
A13QM7H1PRSEYU,B00906GBBC,3
A3F1NK8NZZD3XB,B00906GBBC,5
A2NU50JXPYAN00,B00906GBBC,5
A3CSU47U9R662X,B00906GBBC,4
AQCEQG9CORHCQ,B00906GBBC,1
A2P9O756RWWWB4,B00906GBBC,1
AFMKOMW2XTO8N,B00906GBBC,5
A1JSRMPO2W017M,B00906GBBC,1
A2OR0IF3G5BLKM,B00906GBBC,5
A2SEVE59FMEIM,B00906GBBC,2
A1WCY0O8OQ0Q5F,B00906GBBC,2
A168U3MED8LMH,B0090A8TWW,5
A3MHFLU84ZPM63,B00914ZRBI,4
AWUFGW28B002M,B0091V0A9U,5
A1VWC4A8JXNOXL,B0091V0A9U,5
A3B421HY2PZW3J,B0091V0A9U,5
A1219XM7I8LM06,B0091V0A9U,5
A3381UGIIUEYV8,B0091V0A9U,5
A69AS6142F3H2,B0091V0A9U,5
A2GH8IZ7VFIQVI,B0091V0A9U,5
A3ITYTO5KOWXE2,B0091V0A9U,2
A39K52QDP4C3ZS,B0093HKFYW,5
A21P2TV5Y8G6V,B0093HKFYW,5
A2VIDPI1ZB5ZHM,B0093HKFYW,4
AAPRKGY5ZZ9XQ,B0093HKFYW,4
AUBEFRFHJR64Y,B0095EFXMC,5
A1XEA4DFKF6T8,B009733EZY,2
A1EDKAXGQDQ6I9,B009733F08,5
A367L5U9LQJNXC,B0099XFRIY,5
AIT0344027A1M,B009AP6X0C,1
A1D27BCSYV7VWH,B009AT5SVS,5
AB7ANEGRLMDH4,B009AT5SVS,3
ARMRT31MI72MD,B009CCOI9Q,1
A2PIDEJYJU7HHK,B009CCOI9Q,1
AS5KRN4MQW2XG,B009CCOI9Q,3
A1IF2GNES3L2HC,B009CMN3V0,4
A2YRPZERLLTFK5,B009CMN3V0,5
A1VGF8HBXETK5C,B009D79VH4,5
A23PCG9735JTFG,B009D79VH4,3
A1A96D9IHFSG4,B009D79VH4,5
A19BBAZZZ41DL1,B009D79VH4,5
A2CXVPTGJ6OEZA,B009D79VH4,5
A10NE03AOS6QP6,B009D79VH4,5
A1CZ3W5U4OVB1B,B009D79VH4,4
A2MF4H4D67ZCS2,B009D79VH4,2
A2Z03FL0PH6YZA,B009D79VH4,5
A2NGLHYIFLEFNI,B009D79VH4,5
A1629ZI0VTNLML,B009D79VH4,5
A1FPIPBIK95J2M,B009D79VH4,5
A1UB2F0D7YJSSC,B009FC3YJ8,5
ADDD2829X64TJ,B009FC3YJ8,3
A2IAPNRZHHRD7K,B009FC3YJ8,4
A1VY1YYSD8UDUB,B009FC3YJ8,5
A1CRR7KCTAKM0V,B009FC3YJ8,5
A1DTRZV9V5S98A,B009FC3YJ8,1
A2GQEPBVQC00LF,B009FC3YJ8,5
A2ZYJV6O7P9HCF,B009FC3YJ8,4
A1GF56UE8J9BMZ,B009FC3YJ8,5
A3ORAZCY4O8JWC,B009FC3YJ8,5
AJK9LE86HRQ21,B009FC3YJ8,2
A3NMCRAHBYRQGI,B009FC3YJ8,3
A27WOJPUCJLR9Z,B009FC3YJ8,5
A3PIWOQ2XD7JAA,B009FC3YJ8,5
A15LG7HS4WKKKS,B009FC3YJ8,1
A2TXBINZ5YMGAE,B009L14FHI,4
A1KSDVA4MFMY35,B009NVUN5Y,1
A2VEM6DZK8SEQ9,B009OCBBGW,5
A29PSJID8FUFPG,B009OCBBGW,5
ATL4U8GCUE0N3,B009OCBBGW,4
AA048AJY19TM6,B009OCBBGW,1
ADP9QCJ4VYV4A,B009OCBBGW,5
ATJH01TIPGY5T,B009QFKFWS,5
A2LZSPR192KEX6,B009QFKFWS,5
A1SEPC0OA9BPR5,B009RUPD7E,5
ARW9JUUDT47HQ,B009RUPD7E,4
A385MVJ5G6L2BG,B009S3J61Y,2
AGF7UR8Y6TA7O,B00A1VQR2S,5
A2DFG0PB8PYAKT,B00A2WV5WI,5
AI8NB4I66OVFO,B00A3RV2TI,5
A1YTLKSV9UINNI,B00A7Z0WQ0,1
A5T1LD98U5QP8,B00A7Z0WQ0,5
A2ZU18NGTNMBSZ,B00A7Z0WQ0,3
A2AZG70U6VI4Y7,B00A8P0ZKM,5
A26JSTL45FR2QS,B00A8P0ZKM,5
A3DG144UALEOJX,B00A9IIJGA,1
AFF2YUJGF6N8,B00AAJ0ZGK,4
A11P4RS2MPULQX,B00AAJ0ZGK,5
A36D1F7RH06BIC,B00AAJ0ZGK,5
AADCC339C0S95,B00AAJ0ZGK,5
A2T3BS7FVW381T,B00AAJ0ZGK,5
A2KF245MV5H16K,B00AAJ0ZGK,5
A2LSOFIV4A6VRY,B00AAJ0ZGK,5
A3SQRUBK3ZC25V,B00AAJ0ZGK,5
ASSJTVUFPFEUC,B00AEGIPD4,4
A2SF4TG2ANU7ZB,B00AF56QA8,4
A23SDK7CIP1J3B,B00AHYJWWG,2
A1Z5LBYGGD74BR,B00AHYJWWG,3
A3QNQQKJTL76H0,B00AI922DQ,4
AG9VV0BMQQ083,B00AJVICNC,5
A3LIF253SVDRMW,B00AKO7XOW,1
A3G4C7XPWI1DLV,B00AQ9CF8K,4
A1PWY1BKLXXMR0,B00AQ9CF8K,5
A38W4TZDUS9TSJ,B00AQ9CF8K,2
AQSRDVGLKY0RH,B00AQ9CF8K,5
A14IDJGXYPCMK5,B00AQ9CF8K,5
AF91WCFV7E11L,B00AQ9CF8K,5
A9BH0T6JT5H1Q,B00AQ9CF8K,5
A1I3AFBVIBA3PZ,B00AQ9CF8K,5
A2389KUHIE87D8,B00AQU7M82,4
A35B2I08IKMEDP,B00AR9ZYYQ,5
A380HMQ868E20N,B00ATZJ606,1
A2Q0EFYLJGC7EX,B00ATZJ606,1
A7362LXMQEM6W,B00ATZJ606,5
A10T617QDTNTVC,B00ATZJ606,1
A1M2JEST7IUEUZ,B00ATZJ606,4
A1CBO9TZ4R5FBY,B00ATZJ606,5
A12JHK10WOWVEW,B00ATZJ606,2
A2KB28I69IWE33,B00ATZJ606,2
A3I2WE58OUUEXG,B00ATZJ606,3
A165AZZ33XD2TB,B00ATZJ606,4
A224NSL4RD8IX4,B00ATZJ606,4
A25JTRHNBLJF2U,B00ATZJ606,5
A1L38YKU5JKOLB,B00AV3XGPW,5
A2FGQRI21GOROF,B00AX9Z7W4,5
APW8CHOF8BIBN,B00AX9Z7W4,5
A1E3YUW8Z373NQ,B00AX9Z7W4,4
A3MM1XZ1YJCYH,B00AX9Z7W4,4
AS7KCCCL764O9,B00AX9Z7W4,5
A20XGDRQTHX21O,B00AX9Z7W4,5
A1PRY0ZQS9RARY,B00AZLA9VY,5
A2ZH3DWDM17QIL,B00AZLA9VY,5
A21911QJJHVGD2,B00B0RD2RA,4
A280AUBR680TOK,B00B0RD2RA,5
A3UHU4HYZ5PQK2,B00B0RD2RA,1
AUKXJCDTUDMJH,B00B0RD2RA,5
A1LZQT30U99HO7,B00B0RD2RA,5
A1LO8XOYCHSUUQ,B00B0RD2RA,3
A2W46EMB97SSAJ,B00B19L8LO,5
APAC11DAWHUSF,B00B1KKK2G,5
A3QVPCHSATW2OF,B00B3P15M8,5
A2Z06I0Q4FMFHP,B00B4GGW5Q,5
A28W3W2VQXBM3B,B00B4GGW5Q,4
A1I4BDKXBJ6W30,B00B4GGW5Q,5
A3Q12FK75NT74Y,B00B4GGW5Q,5
A34AOTXPEUP47K,B00B55I9MA,1
A2GPGB6WOD3LJQ,B00B5HSB44,5
A12ACDRFX1PQ4R,B00B65J5B8,3
AAZGQXKJVTXFV,B00B65J5B8,1
A3Q7NJP3CDQATN,B00B65J5B8,5
A1K4HXO5VATS7S,B00B6OX4NY,3
A1G1253A1FGNWK,B00B6ZCNGM,5
A338429W5T3SXL,B00B6ZCNGM,5
AEZ5QTF70D9PC,B00B6ZCNGM,4
A37U28O6MOS8JE,B00B6ZCNGM,5
A2KTRO275LJY1R,B00B7IQC6K,5
A2WTT0ZUVEU74C,B00B7IQC6K,5
A2FIPJOM9WKFPM,B00B7IQC6K,4
A23228KSSQADWV,B00B7IQC6K,5
A38BBO3CJO2NRP,B00B7JLZSE,5
A1DP00M4TP9ZIZ,B00B7IQC6K,4
A2ZMOCCPJWCIV5,B00B7JLZSE,5
A1ILXP537CK3SW,B00BBD7NFU,1
A3F9BX46VF4QYZ,B00BBGIT3M,5
A11PLIGIEACQ6X,B00BCS1XZ0,5
AWMPNR0K0OGQU,B00BCWALHM,1
A3J1MDLITO4YZL,B00BCY1AA2,2
A3LTWW3ZPSXAWP,B00BCY1AA2,5
A3HHXS4HMTNVFW,B00BCY1AA2,1
A1RRE6ORVX7B3G,B00BCY1AA2,5
A1KKYLOJ2EC0MV,B00BCY1AA2,1
A31K9U96YOCN0B,B00BCY1AA2,5
A2ZNSIAZA9VZW7,B00BD7L21U,5
A2KCKHXP06LBRI,B00BD7L21U,5
A35804IR4ZMEAF,B00BD8I3EI,5
A39IWU32NRF5RH,B00BGDGG1W,1
AT5ESSYUL4QZY,B00BGDGG1W,1
A8NHMYA329NMB,B00BGDGG1W,5
A2VJZCNPMCCKZQ,B00BGDGG1W,3
AMN9LS55T8SK7,B00BGEUEJQ,1
A1Z76S3S8ZCLKV,B00BGEUEJQ,5
A1Y067RCS4OCRJ,B00BIE996S,1
A3ALA5LU2PGE1F,B00BIE996S,1
A1EUMK2IKANQ5D,B00BIDTU04,2
A36YGRO2YL3WXG,B00BIDTU04,1
A2Q2A6JKY95RTP,B00BIDTU04,5
A2XCQN2NAOIYF9,B00BIF0XTE,2
AA4V5OFIQ9JJL,B00BIF0XTE,5
AWH2AY17ZU7W2,B00BN5FI8K,5
A12N91QD1JLZPP,B00BOHNYTW,4
AJG4MOX4J1FR9,B00BPEV1XK,5
A1ECDPKKY4CMA7,B00BPEV1XK,5
A2T6OI6XF5W9PQ,B00BPEV1XK,5
A125A5V88Z4ZIV,B00BPEV1XK,1
A119VL7KR5EIR6,B00BPEV1XK,5
A3QPFGI0OB9HWU,B00BPEV1XK,4
A3J2N3MC99CLB3,B00BPEV1XK,5
A1E9N0C6MY2EH0,B00BPEV1XK,5
A7D2TLDGXHQXS,B00BPHNEKU,5
A3K91X9X2ARDOK,B00BPHNEKU,4
A20K0GPVMGXN9,B00BQO4UXW,5
A3SZ91RZQ428R2,B00BQO4UXW,2
A17XP6W2DRUWP4,B00BQO4UXW,4
A1MRG1JPPE6LE9,B00BQU0YU4,3
A4U27URFECK1U,B00BWF5U0M,5
A2YQJ5O24Z4Z94,B00BWF5U0M,5
AMGTFGB0QOUJU,B00BWF5U0M,5
A1PKM1BFIFE28T,B00BWF5U0M,2
ACXGBF7HDP1SL,B00BWF5U0M,5
A3IM0VOIUZHUXU,B00BWF5U0M,5
A2CJM82EPPZFRW,B00BWF5U0M,5
A1Q5EHJC7H09QM,B00BWF5U0M,5
A2FCD6GXH197KE,B00BWF5U0M,2
A343IQ50YNFB61,B00BWF5U0M,5
A2UCSK35ESVS35,B00BWF5U0M,5
A1QH2W9D6OAB8J,B00BWF5U0M,5
A11OTLEDSW8ZXD,B00BWF5U0M,5
AJJ0J5AMCQBLJ,B00BWF5U0M,5
AFJGLOYI50XO9,B00BWF5U0M,5
A1NZGNZIP9QGU7,B00C20HV7G,3
A3SEPO56UQZHRZ,B00C2AS5C6,5
A1SL5FHOMDDY15,B00C2AS5C6,5
A1LYBM67HDEQXY,B00C2AMK2M,4
A39C9ROVB8DJ5N,B00C2AMK2M,5
A1DWJ8PX2HS9G7,B00C2AMK2M,5
A2JN4J2YSLSS7H,B00C2AMK2M,5
A9PMZZB0B8TFB,B00C28L6EW,1
AQSUDW2ESYOWI,B00C2AMK2M,5
A3EV0ADY9QXG5T,B00C2AMK2M,1
A7KE3P1DNABTX,B00C2AMK2M,5
APO82E2TOUIPU,B00C2AMK2M,4
A2RJ7BQZD59CVO,B00C2AMK2M,5
A567HBSX35U7X,B00C2AMK2M,5
AIFANFLEF2Q2B,B00C28L6EW,2
A702VCGETYF81,B00C28L6EW,4
A3PE0PFQ91R3IK,B00C28L6EW,1
AN32FYG3T2CIT,B00C28L6EW,1
A2IA00SNI0RPKQ,B00C5K8D5W,2
A3C5EPDR6F01F2,B00C5K8D5W,5
A3TEK3TYD95GK9,B00C5K8D5W,1
A1ODTEEX8JN3J7,B00C7S2FRE,5
A2DGTQ8LOYLQ7F,B00C93JPNY,5
A2MDA0GRL1D2W0,B00C93Z8JY,5
A11Z6P21GPRG41,B00C93Z8JY,5
A1NZ94LG2MBDZV,B00C93Z8JY,5
A16YY4VEAM2VEF,B00C980Z2O,5
A2L0MBN8AE9GE2,B00C980Z2O,1
A78CJ0V9VGX8Q,B00C9HHQQS,4
A2U4L0L76PX72D,B00C9Q2IM6,1
A1ED4OVVNRGGMJ,B00C9Q2IM6,1
A13J2PGKNMJG1K,B00C9Q2IM6,5
AAFZ2I50L81MC,B00CBD65TY,4
A2R7B3MUR22USI,B00CBDZ1NU,4
A2M9XOT7CWN742,B00CBQ5X5S,1
A2SF4QMQH4M78M,B00CBQ5X5S,4
A328GLDSDNFYII,B00CBSDS9Y,5
A3VCPG3ANNKBP8,B00CBSDS9Y,1
A2SH4497XM1HET,B00CCIKJKE,4
A3A03I3P91BGH4,B00CE65C4W,5
A3JDVLODWAFZ0M,B00CE65C4W,5
A2S4WVP7XZMWVJ,B00CF2REXC,4
A3PUI4IBDJYGOZ,B00CGRMGZM,5
A22I5NJMIAL4IB,B00CGRMGZM,5
A1579YT6JXUHUF,B00CHYOQIE,5
A2W9I628I6SE1U,B00CIY0KR4,5
AP8QMRHCATECQ,B00CKF6ACK,5
A33CCLNOBUZG3G,B00CLY1WPU,5
A2GMZZ6TDYOHY7,B00CMKS2DI,5
A5G5Q9EY52MFU,B00CMKOVMO,5
A3R8FQ1YNRE5RP,B00CMKOVMO,5
A18K14K26PMZTF,B00CMKOVMO,1
A3805L9WK9D1ZM,B00CMKOVMO,5
A2OBLQZJVL0P1V,B00CMKOVMO,5
A1FB5ZENPKYCV8,B00CMKOVMO,5
A23LMWMVE6J45G,B00CO1I2FS,5
A2FLZMVFJS231L,B00CO1I2FS,1
A12L1TBE2D8MYX,B00CPDBJO6,3
A2866X4VRWGEO8,B00CS43I4Q,5
A2LB1ED8LM97QT,B00CWWETTW,5
A1SAOBWJQC8375,B00CWWETTW,5
A20ZCHB9EV90D4,B00CWWETTW,5
A1EPKVUKQ0966P,B00CWWETTW,1
ASZFKI9I3VZKF,B00CWWETTW,5
A1ROEOBWQI9U4Q,B00CWWETTW,5
A108T3Q2N5KLAA,B00CWWETTW,5
A35Q0RBM3YNQNF,B00CWWETTW,5
A12YBHS9NBU656,B00D12OAVE,5
AWDQ4HGF8VZRG,B00D2ZDY2Q,5
AUU55OZR0H3VQ,B00D2ZDY2Q,5
AEXFK4614JFHG,B00D2ZDY2Q,5
A1E7FDIDRSSXJB,B00D2ZDY2Q,5
AZOEM76ARI9A7,B00D2ZDY2Q,5
A2B2M5YQZPBOA3,B00D2ZDY2Q,4
A2XXBZPQT5EXHV,B00D3WV8K8,1
A1NT4BUUUFCXPP,B00D3WV8K8,4
A1948BX0JK85NI,B00D5MBQGM,5
A3SYG3P366VXDO,B00D5P0J5I,5
A2SR5JU0HQV9WL,B00D7GFHIY,2
A35JOZINLIR4MR,B00D7GFHIY,2
A1A25TP5D0L22V,B00D7GFHIY,4
A1B70ZEWQ6UH1A,B00D7GFHIY,4
A24L6ZDXWGYCP6,B00D7GFHIY,1
A37KCOWQZ3UCG5,B00D7GFHIY,1
A35IW073SL2U66,B00D8O8YCG,4
AQOOLZ46P7DG,B00DDME7UQ,1
A12HDETW48GCTK,B00DFVZOAC,4
A1YO6LTM44JAPC,B00DG8LNKE,3
A1TKPYCOI1IZVL,B00DG8LNKE,5
A1HHGJPZIA3SO4,B00DHBW6P6,5
A3H258NA28NGJP,B00DHBW6P6,5
A3LSCQVINDIR57,B00DHBW6P6,5
A1HYMGPYXU97ZN,B00DHBW6P6,3
A1LKDSJM6W1Z9J,B00DHKKKZK,4
ALY21LC9980HE,B00DHKKKZK,1
A1Q4S39353LRL8,B00DMFB5OK,2
A34GLWV03C3AAO,B00DMWFS8C,1
A3JEAHEE5GHBVB,B00DSFRUC0,5
A1CP54S8574RFG,B00DTZNCCQ,3
A2YF8QSPMRI38H,B00DTZNCCQ,5
A1BYXXIH7BXIHZ,B00DTZNCCQ,4
A2MVCP3XRTRTAX,B00DW374W4,5
A2FJZ3IYQ9N65S,B00DW374W4,5
A1YRYMB933RGQ2,B00DW374W4,5
A2Z7BXFUASN9MX,B00DW374W4,4
A2HQHUEOTG9XUI,B00DW374W4,5
A19YWX5MBZ4Z57,B00DW374W4,5
A1RHX83VZBU3ET,B00DWGLMEW,1
ABBIQ3WC35QQX,B00DYWC26G,3
A2C1AHN19W2S2F,B00E055H5O,5
A12EPPZXUE8FE3,B00E055H5O,5
AL4WX7LL4ISYK,B00E055H5O,3
A11P0L6KUJ2422,B00E055H5O,5
A1V6F5FDBH49YI,B00E055H5O,2
A2BMZRO0H7TFCS,B00E0HKJDC,5
A16626CYIKIENR,B00E055H5O,5
A2EF1KIQ7TMPPF,B00E055H5O,4
AMO1MZ9GDX3VI,B00E1JAB3M,1
A1D50HFCFWOPTP,B00E1JAB3M,5
A3OUYFXUOHDGH,B00E3AKFEY,5
A3EPKN4KQMZJ2L,B00E3R16NG,5
A2QF85OJAS1D66,B00E3RH5W2,5
A32WMKD0YBOWLG,B00E4JUC4M,4
A1P3VXW3JKS3FH,B00E6553PW,5
A36MHSUQIH1XJE,B00E80RYUC,5
AK1KC6SSBBGTP,B00EANUQ5M,5
A2U1IG5HIWTSC0,B00EB0RT9U,1
A2PUD5UKFHFE5,B00EB0RT9U,2
A3HYUK299A60ZQ,B00ECDM78E,3
A1JVS5BUBL5CD6,B00EDOG8NC,1
A3S6NEIDLLTQCY,B00EF9F7I2,5
A3HRICTSKOD39T,B00EFNT3MO,3
A3U0UUID5WDWIL,B00EHC7USC,2
A1G2PJDZG31P79,B00EHDTQQ0,5
A3I5KPCHHWJTUE,B00EHDTQQ0,5
A3F5AAVOARHD3Z,B00EHDTQQ0,5
AM5XTK2Y3CEGR,B00EHDTQQ0,3
ARANOVI63SRTR,B00EJ8CKI4,5
A1F5GPR86IPPWQ,B00ELVODKW,5
A3I2UVKPSNOM7O,B00ELVODKW,5
A15YUP4LF1FSUW,B00EM7C89I,5
A1ZN5KJ013IIYA,B00EQY52S6,1
A26WCBNO0UY6UL,B00ERNIRAG,1
A17WKG6ZXE7Y3O,B00ESKS9L0,4
A3VLIRN49EV9AE,B00ESUIX4S,1
A2JGWYUWLQK32X,B00ESUIX4S,5
A86IBDS6UPR31,B00ESUIX4S,5
ACZDN5A7ZH6RM,B00ESUIX4S,1
A1MXD2UU6N2K0O,B00ESUIX4S,5
A301W58N4CZLKZ,B00ESUIX4S,5
A3RLMQ3Q2O6IPG,B00ESUIX4S,5
A2XN4AO9IR7964,B00ESUIX4S,5
A3SBAV9E9KQS24,B00ETT3WB2,1
ARC5ASW9CUAGP,B00ETT3WB2,5
A3R6IGKV182J6Q,B00EVWX5VO,5
AV7SQEWOPWO88,B00EXV66TQ,2
A2R2248LD8PI01,B00EXV66TQ,5
AUDQUWBYDVADQ,B00EZ2FRP2,5
A127PZRDWQV42J,B00EZ2FRP2,5
AGZ398ZNOVPJ3,B00EZ2FRP2,1
A1EQJKFWBOYN0X,B00EZ2FRP2,3
A3LZP17OOSEDZ1,B00EZ2FRP2,5
A33T1B485LQQ1A,B00EZ2FRP2,5
A31ATKK51AL9Q4,B00EZ2FRP2,5
A17WR54D1A9QIJ,B00EZCU5PY,5
A31J1153QTDMCX,B00EZMZTBO,5
A27VQP8JU6DITJ,B00F0JXDXM,1
A2KQCEASGZFGKM,B00F3F381A,5
A255AU5F6KDF05,B00F877VES,5
ATUNRD7OUTPL,B00F877VES,5
AEAA7GV6F11Z4,B00F877VES,5
A1I9BO6O5RFZZZ,B00F877VES,3
A214CXI3721U00,B00FAZWK94,5
AWMV9ISREQU5P,B00FAZWK94,1
A30Z0GG96D11EO,B00FAZWK94,4
A1P2LDJGLWD5KU,B00FDLAGLO,5
A19O7AZI5FNHM0,B00FDLAGLO,4
AS3T4F5ZV9QWE,B00FDUHD2K,1
A1RTQVWC7JOQMZ,B00FDUHD2K,1
A367P4777QIVMQ,B00FDUHD2K,4
A2ML7RYN9VQPPK,B00FDUHD2K,1
A348EC9K6TMOC1,B00FDUHD2K,1
AZXI8FJ7968LR,B00FDUHD2K,1
A2BPUF31U5KBBZ,B00FDUHD2K,1
A1WIUNJ0CVM8TA,B00FDUHD2K,1
A2EFMK2X75Q2A9,B00FDUHD2K,5
AWHT8HM8R4B3Z,B00FDUHD2K,5
A3KJHKCKRU2D11,B00FDUHD2K,5
A204HEZOR2PDFC,B00FDUHD2K,2
A3KJB65OASA5IP,B00FDUHD2K,5
ADZ62SZDA1R2,B00FDUHD2K,4
AE73TDNMH6H6R,B00FDUHD2K,4
A32B2URH0XPF0V,B00FE690DI,5
A3P038CBZ1BVZW,B00FE690DI,1
A1TL6K0C7J9DYV,B00FE690DI,5
A1D7ZR0NYWI9FU,B00FE690DI,5
A3D3YVFBODNPL4,B00FE690DI,5
A221GQ1E9814KO,B00FE690DI,3
AVP3P8K3MUEJ7,B00FE690DI,3
AM991E6LSBPRD,B00FE690DI,5
A31G151E8E2FG,B00FE690DI,5
A3VL7VR4AIH2F3,B00FE690DI,3
A2FKP2M7N0S3T4,B00FE690DI,4
A2LW9T7MQZNM1H,B00FE690DI,5
A2XK36QYF69XU0,B00FE690DI,1
A3FI7HJA5IUCXO,B00FE690DI,4
A19B9COPIZO9E,B00FE690DI,5
A18TIJT8F3RFOJ,B00FE690DI,5
A7LXQ4ZC7ZATU,B00FE690DI,2
ANAPE0Z6IRN28,B00FH6KE76,5
A1JOSCYS1OIHTJ,B00FJG5T4W,5
A2DD27JIG94A1Z,B00FJG5T4W,5
A1DURXLB6KS01V,B00FPIMJEW,4
A22DT6CYU7I38N,B00FPIMJEW,5
A3HCKCV3ANEPVW,B00FPIMJEW,5
A1DDZTDK7NKWQX,B00FQPONV6,2
A216MFXT0XEH2Q,B00FRBF4RQ,3
A3NOBH42C7UI5M,B00FRHTTJE,4
AW65F3TOOP4PK,B00FWUQV92,4
A2Y6HG25RNO9AU,B00FWUQV92,5
A21C6I1MNJOPMZ,B00FWUQV92,5
A2UE9XUL8JQBVM,B00FYKNEVS,1
A35925KK7UGWHU,B00FYKNEVS,5
A1ZKRRDKNV9L7,B00FYKNEVS,4
A1N1MUP825WTIY,B00FYKNEVS,4
A2U8O93ITOVWYU,B00FZN2IZW,5
A1AAJZITHJGTSD,B00FZN2IZW,4
A2PDV4SQ0NAQPG,B00FZXHMA8,5
A1TT4MFV1HKWD5,B00G37LZNK,5
A1VGXHHR08G044,B00G37LZNK,5
A33NDABISTYFO0,B00G5LILHC,1
ARVKEVHF0C676,B00G9WHMCW,4
AH17Y6S60RPKP,B00G9WHMCW,2
A3EIZ69TUIQEFV,B00G9WHMCW,1
AS84AZT4VHWJ6,B00G9WHMCW,5
A3470NNDZJAYH3,B00G9WHMCW,4
AS80XN5JA23SO,B00GA9COMM,5
AK6WGZTA5C4Q6,B00GA9QJQY,5
A1G7OPNUDXZK1E,B00GA9QJQY,5
A14WZ9KW3RLCHA,B00GA9QJQY,5
A22R17O5VYGCSG,B00GA9QJQY,5
A2Y1C4GBN8VC9P,B00GA9COMM,5
A1IKIDEW71I8DY,B00GAML7OK,5
A234YLAS2MYYWA,B00GAML7OK,5
A14AKW60VVA6L,B00GAML7OK,4
A31YIA95CYNBJU,B00GE97LLW,3
AA1WOL85G96C7,B00GG6D8J2,3
A1N5KPUW763HSJ,B00GJFGE0K,4
ABVYGB2TKBO8F,B00GJFGE0K,5
AQQRB6XTSG4MO,B00GJFGE0K,5
A1EFXM1G77B28C,B00GJFGE0K,5
AZB2IATEJS3E2,B00GJFGE0K,4
A1CFRJGH5S97DK,B00GJFGE0K,4
A2WZ6DQ7CJZBXS,B00GLJGJTA,5
A1VPNOP75X3DIL,B00GLJGJTA,5
A2L3042TDAY7SC,B00GLJGJTA,1
A3TNX88M8966FA,B00GLMAERU,4
A3RW992AR9K86B,B00GLZYG6M,5
A3K1A5YAGG54OV,B00GWWGCNO,5
A2OK1N8BXT0DY,B00GXPTRKU,1
A1ZIWZYLSYA98R,B00H3A2E8G,5
A2MU74GJN8BGS6,B00H4PENL6,5
AX04NHRY0ZPUO,B00H4PENL6,3
A1QUV967WKS8KE,B00H4S9J94,3
A2YEZ8Z3BW2SKG,B00H4S9J94,5
ANKJN0561W0LM,B00H4S9J94,5
A307NQUNPYIINB,B00H4S9J94,1
A1UPPAQ7NTZ8CJ,B00H4S9J94,5
A2N3WH0KXWRHRA,B00H4S9J94,5
A10WIN9JA6MBZA,B00H4S9J94,3
A39IW4SX1KNGWH,B00H4S9J94,5
A31KKBUY35NQ1V,B00H4S9J94,3
A14Y6W2BLY52B7,B00H4S9J94,5
A3VX6MVOHB6T4N,B00H4S9J94,2
A3SJTUHHDA77CU,B00H4S9J94,3
A3D38UQSAWOL9W,B00H4S9J94,4
A1H1TKD3OF7XJO,B00H4S9J94,3
A1KFIHW8OF9K17,B00H4S9J94,4
A3D2561J8FF8G4,B00H4S9J94,5
A2A2JGWW4KXFUD,B00H4S9J94,4
A1A2O4KJG07071,B00H4S9J94,4
A342JKXKIIFX3,B00H4S9J94,5
AEQ1NMUSLVC6A,B00H4S9J94,4
A2B8DTK9NCRLSV,B00H4S9J94,4
A9S0N53FY7877,B00H4S9J94,2
A23BNT7UYCWBX7,B00H4YGR48,5
AUB5PIDHCGREU,B00H4YGR48,1
A2IVQ1EPP28PS3,B00H7PBWK8,5
A2HAJBSDBFFTTQ,B00H7PBWK8,1
A2XRBIPRG62YPM,B00H7PBWK8,3
A91XK7ALTOJJJ,B00H7PBWK8,4
A2JED4KXRSWSA,B00H7WSJ6G,5
A2KYZLMKW60DZH,B00H8O8CMO,1
A1HYMLRXDM9WBM,B00H9JMPOO,5
AGEWQKBM95E8L,B00HBGMLC6,5
A2G8X5LW7KGCYQ,B00HBGMLC6,2
AQ1UDQDN8LS8S,B00HBGMLC6,5
A3GSK8MUPEKO6J,B00HBJRV5K,5
A1WE1VE8GM5TTX,B00HBJRV5K,5
A17HT1SZHW57ZH,B00HFRWXQ0,1
A9WTWV2EY2V19,B00HFRWXQ0,1
A20W2NNKTMUR4J,B00HFRWXQ0,1
A1FNISS0COHWCY,B00HFRWXQ0,3
A2EXM95ZVB4GMB,B00HFRWXQ0,5
A1DTHGU0DDWZ1V,B00HFRWXQ0,1
A3UEICW8R5CUY4,B00HFRWXQ0,2
APRJDKS9CHS61,B00HFRWXQ0,4
A28CTDM7OP0RAR,B00HFRWXQ0,2
A1O6I7294KOSP1,B00HFRWXQ0,5
A3NRKOG51DD7DW,B00HFRWXQ0,5
A3C93OL8G22WI7,B00HI25LZC,4
AQCL402DX7NBF,B00HIJ4ROQ,3
A3T9V716TQUPXM,B00HL3B7FG,5
A31V6FQZZ37L6L,B00HNF0OS8,1
A29E26G723TDEE,B00HNF0OS8,5
A2RP62O0MVH3EJ,B00HNF0OS8,3
A2IJX3O69SEI4H,B00HNF0OS8,4
A2JK04IKMGRB38,B00HOJAVDG,5
A1EX5R51O6LVQG,B00HOJAVDG,5
AICQINHQ4H6S6,B00HOJAVDG,5
A19ZVABQ4CL16C,B00HPQ0G88,3
A20J67RTBV1XH9,B00HPQ0G88,5
A2SMDBWCD8VBR2,B00HQC8STA,1
AT8TS7XTO8TIE,B00HQC8STA,5
A1FXGLTCLL4JB7,B00HQWLHM0,5
A1QWZXAZET35BF,B00HQWLHM0,5
A9VZYG82K50CH,B00HQWLHM0,5
A3SYH64A7ORXZ0,B00HQY5C9M,4
AXN8Q2TU8PLMT,B00HQWLHM0,5
A3QXSEIUNUGTU3,B00HQY35SM,5
A12P9XOZOFX3J4,B00HQY35SM,5
A336QC3TMQRA07,B00HQY35SM,3
A2NJ68QSIYRV3N,B00HQY35SM,3
ABJ5VG6XQYF63,B00HR7J3CA,1
A1G1ZNAEBA3F36,B00HR7J3CA,5
A185GVCGMWD2Y3,B00HS5HBPM,1
AQ1S2YEWR5WVC,B00HT07QXI,1
A22ERW8BB58T2J,B00HT07QXI,1
A1CSHGEFQWCFBC,B00HUIVIFQ,5
A1WZIN2DAJQYBY,B00HVL5N6M,4
A3CDA3Q18F4EIK,B00HVT27OA,5
A3D4BRDU8BWLBW,B00HVT27OA,4
ABBA5RERGQHVC,B00HVT27OA,5
A2UM2EXXE9X9B,B00HVT27OA,5
A5ADJW4103132,B00HVT27OA,5
AN71BV0T5KDN4,B00HX53ELM,5
A3A3F5N7NZCVMT,B00HY678O4,4
A9JZCN4Y0EICQ,B00HZA6DYK,5
AW22QM4YM4L5M,B00HZA6DYK,5
A2GY0NYH8JYRN5,B00HZA6DYK,4
A2C4UJZEK22PIW,B00HZA6DYK,5
A3MO9ZHOQB21H1,B00HZA6DYK,5
APLJ7EYSQ7BT3,B00HZA6DYK,1
A1DG75OT3Y49EM,B00HZA6DYK,3
A79372WBA9IJM,B00HZA6DYK,4
A2ZN8SNVNTX4FC,B00HZA6DKE,5
A3D93K19DTSAFO,B00HZA6EB2,5
A2TGRPYOC84Z3D,B00I0S72JQ,1
A1FHYBBVYQHCDD,B00I0S72JQ,5
A2V8AWI0LT2NLV,B00I0S6SK0,1
A2QZGDN0GG31BA,B00I0S6SK0,1
AZ1KM4Z3SM0KI,B00I0S6SK0,2
A14ORLQNERPYFR,B00I0S6SK0,4
ANMVO3JLMKQYG,B00I0S6SK0,3
A31HXQR1YC9NO2,B00I0S6SK0,5
A2HHI6G671RY5M,B00I0S6SK0,4
A1QH4Q9BATACFS,B00I0S6SK0,4
A1CMWB7AWQUQH4,B00I0S6SK0,4
A29V75T741MTYL,B00I0S6SK0,2
A36CKFOW1JXG1X,B00I0S6SK0,5
A2PY5ED630H0QJ,B00I0S6SK0,4
AMN8Q6ICURGTR,B00I14395A,5
A2A5DAL0O6V8H7,B00I3PRQ6K,5
AXP5593BSQTHR,B00I4701O6,5
A2QISKKC7EPOGE,B00I604K4I,1
A2VL0Z407GSSAR,B00I6CVS1O,5
AG71XMQGQ2UTJ,B00I9ICVZW,5
A3MOYD26V4WXTW,B00I9RK97K,5
AU3GYRAKBUAEU,B00IAYSXRU,5
A3UEX0OT7QFJ4Y,B00ICEWB58,4
A3K55SHF4MN6RR,B00ICEWB58,4
AVZIXMDWNFA9O,B00ICEWB58,2
A1OR2PAABBMDUV,B00ICEWB58,5
A3GDE9L39H5FXE,B00ICEWB58,4
A3OUPW5ARTXJTA,B00ICEWB58,5
A2U2HDZ0CYDJSF,B00ICEWB58,5
ASXC2PK5E2OC4,B00ICEWB58,5
A1VJ3R4LP25T3R,B00IE6VA0G,5
A1JU1YMWWBCY9O,B00IE6VA0G,1
AL827L0S2ATZD,B00IE6VA0G,5
A25I8978LP22DH,B00IEX9KNI,5
ANX51171V6CF2,B00IF4OATU,1
A22UU4IQIK40LC,B00IF4OATU,5
A1C36WGPY2SR3E,B00IF4OATU,5
A2OYIAZJRNQW93,B00IF4OATU,4
A36DJEFL365PYG,B00IF4OATU,5
A8Q20N71ZLCSS,B00IF4OATU,5
AXU3VKZE848IY,B00IF4OATU,5
A2FG3MYXSLJO3E,B00IFG9FDO,1
A1S4UXQZBWJ12M,B00IFVTQLK,5
A2TY673EBFORDE,B00IFVTQLK,1
A3O0HBT3O6LU39,B00IKC14OG,1
AMQFSFQ2ZYVMS,B00IKC14OG,5
AZWX8D1H00PY7,B00IKC14OG,5
A26K713FK8FH3A,B00IKC14OG,2
AHTC0I7ZEEF0U,B00IMQFWSO,3
A2ZMP8G4G0E78,B00IMQFWSO,5
AUCDCFYOUOPRZ,B00IMQFWSO,2
A3QKWFC92S03MP,B00IOC9368,5
AIXMI6NFU82W,B00IOC9368,5
A39B3VUFRV9ZKR,B00IOC9368,3
ABHM6NAPFIVJT,B00IRVQ0F8,1
AC8LPQP4WN9YE,B00IRVQ0F8,2
ABLTN72LHUG31,B00IRVQ0F8,5
AVXB8VH45TUF1,B00IRVQ0F8,4
A2N6PA2QUXC018,B00IRVQ0F8,5
A2E1NSWEYMOHK5,B00IU85YE6,5
A1VQKSZFVEN7A1,B00IVEH1C2,5
A1UJZEEH7YZZ63,B00IVEH1C2,5
A1S2SIJ3GZVGU3,B00IVEI6CG,5
A3LNDVDN1XVEJS,B00IVJQJBG,1
A36QP2PM33H63E,B00IX9ZDKC,5
A1XXH0FC98VLAR,B00IX9ZDKC,4
A3HJRZIJHREJ2C,B00IX9ZDKC,5
A20DCHHP1MFDKX,B00IX9ZDKC,5
AC8N587Z5QM1P,B00IX9ZDKC,1
A29KFZXDR3KUNV,B00IX9ZDKC,3
A1FXRKRYLSC0TN,B00J3AX6R2,5
A1NOJYFXFNJSR5,B00J4NAJGY,5
A1SI2993YY7C61,B00J88HSUK,4
A3DIJGD3XCW8OK,B00J9R1DHO,5
A1K8A7VNHJPVIN,B00JBS21QS,4
A2ODZJQSDT19KH,B00JBVR2DM,4
A2QTPNOT8NDRV4,B00JCCHUFU,3
A255ICQLQHLA1Q,B00JCZ2FQQ,5
A2O1DRX47DEJ32,B00JCZ2FQQ,4
ALMIAEBIQQMT2,B00JDYMQ4M,3
A39JNODB1NT7W1,B00JDYMQ4M,3
A3PVPPVZ23Q646,B00JEPIOOQ,5
A39BAFV70C9ORY,B00JEPIOOQ,5
A1PSBR3JRZ9VO0,B00JEPIOOQ,5
A2G563AC1HME2R,B00JEPIOOQ,4
A25EVWR59Z9II4,B00JEPIOOQ,5
A352ARXBEICB1U,B00JEVHZK4,4
A2ZYXZ3UEDABLA,B00JFOFI8G,1
ALJVYXJJEX9MK,B00JG01M2U,5
A2IBQH7SSXBIVI,B00JJXBBSY,4
A3IUB8248ROY5D,B00JJXBBSY,4
A2MH0UYOC31WIM,B00JJXBBSY,4
A2MA1RJZC9G4BK,B00JJXBBSY,5
AHCG532N9S0S7,B00JJXBBSY,5
A1K6PSXYSDIO6R,B00JKATVM4,4
A14N7CFIJ0WB6F,B00JKATVM4,2
A2OTPTFIKIA0T7,B00JLR8IZ2,5
AQZBIM739YVLM,B00JLR8IZ2,5
AQ3KPBVP36SIV,B00JLR8IZ2,5
A1HMYYHPV4WST6,B00JPZTD68,5
A2316R3PWOLH0A,B00JPZTD68,1
A3DQWFWINN3V5A,B00JPZTD68,5
A3I1X2KN5ZG3PF,B00JPZTD68,5
A3929J383S12RW,B00JQTO8TU,5
A2OWA3JA89EFGD,B00JQTO8TU,5
A3CMBP7UPMWY6E,B00JQTO8TU,5
A12REPD4P6JOSP,B00JQTO8TU,5
A2BZLWTNEUDK81,B00JX1ZS5O,2
ADH5UOAMXOM0S,B00JX1ZS5O,5
A269I61I2FZEQ9,B00JX1ZS5O,4
A1HUD2RRIHUIMG,B00JX1ZS5O,4
AH8QRFOV8S67Y,B00JX1ZS5O,3
A3ME1MKMMW67JF,B00JX1ZS5O,5
A1K63RZ4VJGERA,B00JZHE3PM,2
A2RLALY674NAB3,B00JZWQW4C,1
ANUD7JHF25PGD,B00JZWQW4C,1
A2B6L10P0PTHQI,B00K1WU8C2,5
A2VH5K9TK3DHGF,B00K1WU8C2,5
A29E7ZTPK4BJ31,B00K23BUEK,1
A1F4MGWXJ95BTS,B00K23BUEK,5
A3170LAK8Z91HP,B00K23BUEK,5
A3GZ5Q2H48LS90,B00K23BUEK,5
A12JAVM83T1711,B00K23BUEK,5
A8HTGTDZ87ABW,B00K23BUEK,5
A1DZD1N0GCZXOL,B00K23BUEK,5
A23Q0PHM0R6N9Z,B00K8ZMT2Y,5
A13YCEHOME8UYC,B00K8Z6IG2,5
A37EQSG6HZQL42,B00K8ZMT2Y,3
A2DZZZ8D81Q8X,B00K8Z6IG2,5
A1L93SKUHWLH6W,B00K8Z6IG2,5
A2E4OOCK5A91SZ,B00K8ZMTFQ,1
A28J8ZFUBAC40Q,B00K8ZMTFQ,1
A1LFOQ201XG1LG,B00K91DB7Y,5
A1TA1YUF4V1YWC,B00K91DB7Y,1
A1NGUU2XF63XPE,B00KBN1LDQ,4
A320BGSJFCXI77,B00KBNSVNO,1
A2GE12HQ12CXBY,B00KCIW82S,4
AOXATWZWZM5B,B00KCIW82S,5
A39JJJMW931FAX,B00KF85M6E,5
A5EHABANBU0PO,B00KGXOG9C,5
AT164KU2DF47S,B00KGXOG9C,5
A1VKO1VVYLY50K,B00KGXOG9C,5
A2VQGGOUHDIKYO,B00KHPDQ5E,1
A2YNMVWX958OMK,B00KJCR7Q4,5
A30ZKN7A4J8T1G,B00KJGYDAI,4
A85FJ55B5VWW,B00KJGYDAI,4
A78RF3KX1UWY9,B00KJM16KM,1
A1WR500734FLNR,B00KO3DB68,5
A2HV5D31Y2HE3C,B00KO3DB68,5
ADQK3E4G0GB9B,B00KO3DB68,4
A3H0DIOS8X1I3L,B00KOHKRXE,5
A1NJB0YZDAY93Q,B00KOHKRXE,5
A1C8M0EM4KLOBU,B00KPUI62E,5
A1LIGHVFF5J6EJ,B00KQ4LNJC,1
A3JDJ1GUUZFJHU,B00KQ4LNJC,4
A2HKHMCMNZUGSZ,B00KQ4LNJC,4
A38UNW7PBB977V,B00KQ4LNJC,2
A22H0SF44IAA1P,B00KR39YMK,4
A3V2B6DWM544EN,B00KR39YMK,4
A1B2JO5OK0JAKZ,B00KRLICIE,5
A3958SRZFG5W82,B00KRLICIE,5
A3AK87YL0IWOL,B00KRLICIE,4
A2GKFAKQI57Z5A,B00KRLICIE,5
A2QK9FDM4S4PPE,B00KRLICIE,5
AWCUP0R0QULNY,B00KRLICIE,4
A3TBJM5L56VSB1,B00KRLICIE,5
A3AHXBWJCY43G7,B00KRLICIE,4
A68BDDQCPEMDD,B00KRLICIE,4
AU8VMHR7AKDFE,B00KRLICIE,4
A3PSOVVITYWRHJ,B00KRLICIE,5
AZAVPH5KC04EL,B00KRLICIE,5
A126TD3QJEDJZ4,B00KRLICIE,4
AFIKCOF6LWD2N,B00KRLICIE,5
A388LI2VI12R1T,B00KRLICIE,4
A1E0WAB8ZVOZC1,B00KRLICIE,3
A3I6GT15Z5FBI9,B00KRLICIE,4
A3OHADG98OLCAB,B00KT7DOR0,5
A3VG3S10HR9YDT,B00KT7DOR0,5
ASSAOF1I2I126,B00KT7DOR0,5
A24FI0JJSL1NZD,B00KT7DOR0,1
A3RJBK9U9FITGA,B00KT7DOR0,5
A3E9BO5WTMYS2L,B00KT7DOR0,5
AGRCFVEM8WDFP,B00KT7DOR0,4
A2W417TP4YKZLH,B00KT7DOR0,5
AY3KIW9D2XNFX,B00KT7DOR0,5
A2ODAGPXEDJF0H,B00KT7DOR0,5
A1LWSSFGA1UHI7,B00KTHGHBA,5
A16SDOXECRWBMH,B00KTUVR44,3
A3UDO9I1AKGI18,B00KU68A1A,1
A3HRDRQ5VAFPQS,B00KU68A1A,3
A2VOQ59N7X5HT0,B00KVCBU1K,5
A1PF1C5BFZ3ES3,B00KVFP2GG,5
A17Y4IJSNLVIYB,B00KVFP2GG,1
A2RN2AO4BE6F4K,B00KVME2HE,4
A2MW4A5RYZTKG3,B00KYK2AKO,1
A3N0P5AAMP6XD2,B00KYK2AKO,2
A2VVPGN1JE34RN,B00KYK2AKO,1
A6YC4238R07XL,B00KYK2AKO,1
A1V1CJMOZHR60V,B00KYK2AKO,3
A1TVBBTWL98H7H,B00KYK2AKO,1
A1P8YKYF0I66JH,B00KYK2AKO,4
AL10POPLMMDJT,B00KZGB01W,5
A1BDFDG9BCEU5N,B00KZGB01W,5
AQHFH0L76GOPB,B00L2SF64E,5
A3CJLZUYCDJM7U,B00L2SF64E,5
A2Z8VPDHQUNALH,B00L32UUJK,5
ALQDM2CEL5ENT,B00L32UUJK,5
A1KK2Z7WDC328J,B00L32UUJK,5
A1QNAMBA2I39LS,B00L36CEYU,4
A3M7RID18K1O71,B00L36CEYU,1
A15QM336RC7TQF,B00LETJDPE,1
A3U8DI38VRCYXT,B00LETJDPE,4
A3DOINKAS0FVA1,B00LFVITLK,1
A2W2DSEQGSAJ2,B00LFVITLK,2
AQOFHS4H4ELNU,B00LFVITLK,3
A1H55L0BLPCWYF,B00LFVITLK,5
A3UEMAT4UGFSP8,B00LFVITLK,4
A1BPIGRHAORHBR,B00LFVITLK,5
A2JV0704TPIXPK,B00LFVITLK,3
A3DP3S80PDBLA,B00LFVITLK,2
A1IXNA6VS3FEX2,B00LFVITLK,5
A2CCAS76BL4PY,B00LFVITLK,1
A3NHUQ33CFH3VM,B00LGN8OW6,5
A11EXFO14WEJM1,B00LGN8OW6,2
A1R7ZTL3I4SZMP,B00LHS7WI2,5
A2SWW2MGEKC5W0,B00LIXJ0OU,5
A2YZ9XYWX9NQEW,B00LIX177I,5
AID1XF4K5KQ3F,B00LIX177I,5
A2V7EO331SFUF6,B00LIX177I,5
AH8I1L0EZXCMX,B00LL4V5OY,5
A2BEZRQZJWT3LH,B00LLEODCK,1
A1HDYNS5ES32KF,B00LLEODCK,2
A1BCC538OD7PSB,B00LLEODCK,5
A1N0IS598AQXIO,B00LLEODCK,5
A1EG9GO3FMZXKB,B00LLEODCK,1
A1A39899KH5QCI,B00LLEODCK,5
A38X1Z62L3LWB1,B00LLEODCK,4
A34FGBW3TA2LG8,B00LLEODCK,1
A3J5STJFVX5WQJ,B00LLEODCK,1
A1Q6IOSPH1YICP,B00LLEODCK,5
A1K0F3RSX2KEU9,B00LLEODCK,4
AUH2CL9P0LZBG,B00LLEODCK,4
A3QIN5DUZZ75A1,B00LLEODCK,5
A13UFU1894FYT8,B00LN2SD6M,5
ABY452PIFSM7U,B00LN3LQKQ,5
ASEAA7K44MZUZ,B00LN3LQKQ,5
A35DL17HWVFKAZ,B00LNUV64A,5
AO624RBUWGXK9,B00LO6MZUW,5
A21X4AJJG3HZZ0,B00LP3AMC2,5
AR5GETFG7OCQU,B00LP3AMC2,1
A2JRMCHFSW3SPG,B00LP3AMC2,1
A1YIWN36H1QRHV,B00LP3AMC2,5
AOZ8OAFA0MF9N,B00LP3AMC2,5
A2F1XBUGWRNY74,B00LP3AMC2,5
AU2AJXEMGYCAQ,B00LP3AMC2,5
A1DSANWHRAMQBN,B00LP3AMC2,5
AYEY3F7659ZLY,B00LP3AMC2,4
ABMN74TBW5UWE,B00LR4OF5Y,5
A3G70HTX8E2MOU,B00LR4OF5Y,5
A3JOUYYYKHXX87,B00LR4OF5Y,5
A2JXU6OLLMSS2E,B00LR4OF5Y,1
AJFJQCH1KXIW4,B00LR4OF5Y,5
A5I2PBL62KZU0,B00LR4OF5Y,5
A16S3DB84O01HX,B00LR4OF5Y,5
AF65ABYDVNPQ,B00LRYUJQS,3
A3VVOS2LWGIZL3,B00LRYUJQS,5
AIFLY2HF8NS8U,B00LRYUJQS,5
A13T9WUDID5IYV,B00LRYUJQS,3
A3J1Z8PE0QY4M9,B00LRYUJQS,3
ALMMQDUHGL9CU,B00LTG0NAG,5
A3TLCCHY7M9QKE,B00LUF3DOY,5
A1V5D1A6DDZD1G,B00LVV335Q,4
AW7EJYW6J32QD,B00LVV335Q,4
A376JPIN8H6LDR,B00LWIB8I2,5
A2PSTNT4V41L2K,B00LWQIIC8,1
A2M348O0YTBR5J,B00LX7M2RI,5
A3MNHRPT1LDTSX,B00M1VICHO,5
A2XER4107LG5DL,B00M1VICHO,5
A2C4I1OXJ2EFVH,B00M2540UC,1
A1G650TTTHEAL5,B00M27PN9C,4
A2B7PG6P30GPZT,B00M2CE848,5
A1TTFU4BCYUBA,B00M48154Q,4
A2G162637O8HEJ,B00M48154Q,1
A3413ONP7YQFQ7,B00M48154Q,3
A1RNADS3FXBGOE,B00M4QAQI4,5
A2FLN9BQWDC0Q7,B00M4QAQI4,1
A16LF4O4NTI4V6,B00M4QAQI4,5
A2IW2P4EKR3ILI,B00M4QAQI4,3
A2F6JKSFEZCD4N,B00M75WPKO,5
A3HT5A3MJW5BJ5,B00M77HLII,5
A2GS1PDB1YWEG,B00M77HLII,5
AA3V8C9YPKYD0,B00M77HLII,5
ASFMQJ0TUDGGE,B00M77HLII,1
AU1NEEWQFZK2O,B00M77HLII,4
A1UCLD1NYSDXVO,B00M7X6XNG,1
A1X0S43XW2PULP,B00MA66OMU,4
A2LJ6VDSJRM82A,B00MCFM0EU,3
A3FCPK0CP7FAJX,B00MCFM0EU,5
A27549E0TR7BQK,B00MCFM0EU,5
A35TR8B4BYP56I,B00MDW602K,5
A3O2C8D38BPEZX,B00ME3ZIJY,5
AQZLCAI7YFZ53,B00ME3ZIJY,1
A2Z8HOBBN0FCXM,B00MELSKCI,3
A320K3TVLJ58RQ,B00MELSKCI,5
ASMZWIAL6SE5Q,B00MELSKCI,4
A3555EL9UT1OFG,B00MG60Y48,5
A29YPLLCDJUQZT,B00MH4ZVHO,5
A1G4TGVB0TVQ29,B00MH4ZVHO,5
A13WHX1TGO6BE8,B00MH4ZVHO,4
A2THL15YOAXSUP,B00MH4ZVHO,5
AVUBN502YND1E,B00MH4ZVHO,4
A1NMBV838F0E6S,B00MH4ZVHO,5
A1FUVINZY4TCCX,B00MH4ZVHO,4
A1KFOYCGUBL613,B00MH4ZVHO,5
A2DUPKV76N1T5S,B00MH4ZVHO,1
A1XZCBEMSTJTG6,B00MH4ZVHO,5
A1OFD1JGM7V58O,B00MH4ZVHO,5
A1RS9DWUTDP0SD,B00MHIVYZ8,5
A204UDTQWN6LU3,B00MHIVYZ8,4
AVJJLKQ9I6P2B,B00ML0QDQC,5
A3DDB71D6NQ79S,B00ML0QDQC,5
AP6HOCXE6T0U0,B00MOLJZRW,2
A2CS5MUV0ACUA4,B00MOSL9NI,5
A3K5JLENAAC8XS,B00MSOND8C,2
A2E29H36ZF9GZW,B00MSOND8C,1
A3MEKEYPY1A64D,B00MSOND8C,1
A5V7PHBTKRHQ7,B00MSOND8C,4
A1L0G5MGI6AVZT,B00MSOND8C,5
AM8IVBZWZV2G6,B00MSOND8C,4
A1GSFMMRNOUXLT,B00MSOND8C,1
A339RVCXB5ZP2E,B00MSOND8C,4
A15T0DQSPKHUTN,B00MSOND8C,5
A1S8QKJJYDXM89,B00MSOND8C,1
AQN0X960N9TU3,B00MUTWMN2,2
AA2OL82YDVS0G,B00MVAO8ZU,5
A2QP83IBPENI9K,B00MVAO742,1
A2P04PTX5R7S57,B00MWSJN7O,5
A16L4UJDUNUR2C,B00MYTSN18,5
ANG7EO5EFU20P,B00MYTSN18,5
A10IL35OYJGI9I,B00MYT481C,5
A53CILMCOOH3R,B00N1KXE9K,5
A2T001N0QCRMZ1,B00N1KXE9K,5
A37BHSMDV1T8FN,B00N1KXE9K,5
A1NFQK34FCTJOV,B00N1KXE9K,5
A2ANIQ9FS7QASO,B00N1KXE9K,5
AMZV67TNU3VEI,B00N28HDJI,5
A2ZFS1ETNMDUX1,B00N38TQJC,4
ANXC5NK2V0XZO,B00N38TQJC,4
AE4Y6UXXNWBR2,B00N38TQJC,1
A1CSWSSXZJ2J5K,B00N38TQJC,1
A2HAAWCQGDDAK4,B00N38TQJC,5
A19OF3L4H0BY90,B00N38TQJC,5
A354IE43F3FA3C,B00N4QRI6G,5
A25KO2DWCBA9RN,B00N6SFQ8E,5
A32XBNHFGTO6JX,B00N6SFQ8E,5
A2SVGSOJ1MQYGY,B00N6SFQ8E,1
A1UIJH922C7LMU,B00N6SFQ8E,5
A1UIMU8Q87ZPCH,B00N6SFQ8E,5
AAQ60HXJCFFQB,B00N99L7AQ,1
AGUND0DZ7TTIV,B00N9S9Z0G,3
A2YHK9GHM9OBTA,B00N9S9Z0G,5
A2STI6QRXQR2A9,B00NAWE8Z8,5
A3V2NAG58DZBHL,B00NBAV3W0,5
AAJVCFUXHO67A,B00NBAV3W0,5
A1JSJZCCERHL8S,B00NBMLLXO,4
A2NO2AKTDR8B8Q,B00NBOGPY2,2
A3JD0OI0QNBYDW,B00ND4DV9M,1
A2XBOIZRY9QXS8,B00NF8UUG8,1
A166GYQP3655ZC,B00NFDPBSA,2
A1XW7TXFLQXCV7,B00NH11KIK,1
AZJFZCXKQ0BE9,B00NH138F8,4
A1WFUFFXHGA6RI,B00NH11KIK,5
A1FU8VIG4Z93YL,B00NH13S44,1
AE6S67SIV8XC2,B00NJB0T4Y,1
AH95FHSUSYQQU,B00NL43JAU,5
A1DXEEH8KRVJQC,B00NLOS28Y,5
A3D2DHHY8X7NL0,B00NNDAFW4,1
ATR3ZQJJEBRIM,B00NNDAFW4,5
A8FPDZPPYKZOJ,B00NNMB3KS,4
A3S1IB5LQYHQ96,B00NNMB3KS,3
A3VEVAJ55T5QBW,B00NNMB3KS,4
A2XBV7VVIEJ3NU,B00NNMB3KS,4
A1YNI75NMBSDCK,B00NNMB3KS,5
A3GA4HQXXPCSC2,B00NNTVBEO,1
A2TAL4RSNEDWOA,B00NNMB3KS,5
AY7H2OMKDJYO0,B00NNMB3KS,4
A3FRYP8AX50UM3,B00NNMB3KS,5
A27H4JGNMILOSL,B00NNMB3KS,4
A1UYRP3I168UZI,B00NNY1SNI,5
A3O5PIGMKUCJ1E,B00NSC6P60,5
A2XM54NWDY3V2I,B00NW31YSE,1
A1TTQNL279S9MA,B00NW31YSE,5
A20ES5NMO4L6JG,B00NW31YSE,5
A7VILVIQPOT9J,B00NW31YSE,1
A3CSC13HG2JXB6,B00NWEBOCO,3
A3AJNP76RWQKKM,B00NWEBOCO,5
A2TL1Q3F0HUKAI,B00O0HC3Y0,5
A3FWEPY6Y1MRFV,B00O0HC3Y0,1
AFE3DAVPR2W28,B00O0M46KO,5
A3VFODY18UEABN,B00O0M46KO,5
A11ZNTESRQSSER,B00O0M46KO,5
A194JYX2UFJ8EC,B00O0M46KO,4
A2TQ66F69NVUQ0,B00O0M46KO,5
A33BFXWQ6CXDDD,B00O0M46KO,5
A3BISUDYBSC0S,B00O0M46KO,5
A29GXCZNXW1L63,B00O0M46KO,4
A1370N75VMVU7G,B00O0M46KO,5
A390G3AOUY273W,B00O0NV5HU,3
AMYZ7KKSWKQXC,B00O7TL6NU,5
A241W2706APA24,B00O80O63U,5
A1JY5OIC2AYI0C,B00O92TOCK,5
A1RBIHLMRAYWYY,B00OAYPDZE,3
A36K7NKDJ2CBWE,B00OD3U2D0,1
A1VO0WPLN8BKYV,B00OD71FKU,2
AC749PIYQJBYK,B00OD71FKU,5
A318PAOQ195GI2,B00ODDEABK,5
A1AJ37KIM201NV,B00ODDEABK,5
A1HHOQWEJQ1L02,B00OFL2IBO,5
A3C6OXRBHPCX8U,B00OGNYTC2,4
A3P4BFK027C1G4,B00OH09OXS,4
A19EV6S4TJZRVT,B00OHIU0QU,4
A1C24CRJ5CC31J,B00OJ5AV8I,5
A2XLUU7UBXBOPE,B00OJ5AV8I,5
A3GA3P8U6YJAMR,B00OJ5AV8I,5
A2LI5LXB96UNJE,B00OJ5WBUE,1
AAAE4PEISQH42,B00OJ5AV8I,5
A1J5HIF41ENSMZ,B00OJ5AV8I,5
A1NBCILN691SXH,B00OJ5AV8I,5
A15NS1WUQIMO33,B00OJ5WBUE,5
A36L9Z5YF1HA9X,B00OJ79UK6,1
A3PDQJ49OCDF8M,B00OJ5WBUE,4
AOO3XZB434G2V,B00OJ5WBUE,4
AJ0QL9UBPXJ00,B00OJ5WBUE,5
A1ULLTN0TEPJHJ,B00OJGBDN4,3
A2AXVNIDGXZ0UV,B00OJGBDN4,5
A2YEHMA7FYR7D7,B00OJGBDN4,4
A1OI15XSWJ8FFX,B00OJGBDN4,5
AX4ADXQ487Y9W,B00OJGBDN4,5
A3D56IGUKCXSDD,B00OJGBDN4,3
A2U2T3ZRXWHCCR,B00OJGBDN4,5
A33LJKU2WJPFNM,B00OJGBDN4,3
ADJPWZO4SQKMD,B00OJGBDN4,5
A3E32N4981TT0A,B00OJZHQ9A,5
A33KXMNFRFDUKB,B00OJZOOLI,5
A18CQ6O44EGUN7,B00OKOG1GO,5
A2CJKEJ75246CS,B00OLNX4BE,2
A287EWRN08ZJQ1,B00OLNX4BE,5
A1MGZRLVO7E546,B00OPI0XS2,5
A3W4JCU6AEXGH6,B00OQ0CYFE,5
A2ZVHFC8EUMWPX,B00OQIKERG,5
A2UN3E0CXZQK28,B00OTK16FK,5
AC7J8ZLWJIKNS,B00OTK16FK,5
AAKQTXS4JOUR5,B00OTK16FK,5
A7K48AZIYSP1M,B00OXO2HWI,5
AU8JD8BJS7R0V,B00OYINPJC,5
A3A7MIN4UC9OYV,B00OYINPJC,5
A1MCDTLCGM8IEE,B00OYINPJC,1
AHGGSY182427,B00OZZ4V60,5
A3CW0ZLUO5X2B1,B00P0C4MBQ,5
A3RD0U9IDBKFL1,B00P0E394U,5
A2AB63STB119UW,B00P0GI68M,1
A19Y7ZIICAKM48,B00P0GI68M,5
AEPAHBPXR6ZI1,B00P9WK1BW,4
A298COFUERZQWL,B00P9WK1BW,5
A2C4E9T9YZQ2YH,B00PA93LE8,5
A3CDS3OJSTUY2V,B00PBOHAR6,5
A1EDRDXV0AIZL5,B00PBOHAR6,4
ARFP7DXIYEF35,B00PDHI5DY,4
A2Q6K6K11NYBHG,B00PFKOU56,5
A3EGE90FU2WRJ4,B00PFKOU56,5
A2ZPZHP8SGUTOF,B00PFKOU56,5
A3DWD94FLBENO5,B00PFKOU56,5
A3MKASSMJ4RKTR,B00PHF1EBM,4
A27B1U3OWCU14J,B00PML2ZOQ,5
AB9OT78S8YTVQ,B00POHEBZY,5
A2SJCN87IAWJ2A,B00PPFXSCM,5
AHWVTOXGM4SZ9,B00PSFDYMI,5
A2LIGTSDHJY7U6,B00PTM8YT8,5
A2YW4MTOHTBSHH,B00PU7NQ2M,5
A1SHQPOLVB8EEA,B00PV6HR2C,4
A38Q3EV1PF7T9C,B00PVTM6E8,4
A17POFJJKK6CNS,B00PVTM6E8,5
A2KO62DCXXULDY,B00PY194CK,5
A37M504MZ7LXV,B00PZ6V99U,3
A3D3PF1011A3GN,B00PZOT1Q0,5
A3FX4SAEC1VSJB,B00Q2V7S6K,5
A15BF5RTNAB36C,B00Q2V7S6K,1
A31LIHR7QZ71TD,B00Q4TUTEI,5
A217QXH350CUZP,B00Q4TUTEI,1
A3MO7L1ZPN99G6,B00Q59EQ3C,5
A206DVQ1I4XSPI,B00Q59EQ3C,4
A17L7TWAGOEA0C,B00Q59EQ3C,5
A1X1CEGHTHMBL1,B00Q5CZ0YI,5
A36KOPPJSALWSX,B00Q6APOKY,4
AMOSWBA6CN45E,B00Q6FH6TQ,5
A3CFZN09BXT3CA,B00Q6XFAFU,5
A1SNZZZ8ZY07WN,B00Q6XFAFU,1
A37TS4D9QJ6HKW,B00QBUPG4S,5
A38V8ZKM9FYFW3,B00QBUPG4S,5
A1QH149LMIHLM4,B00QBUPG4S,5
A1OFHJJ8B3EAD2,B00QBUPG4S,3
ADXZG05621FA1,B00QFZACJI,5
A1W8U4L04UR0J8,B00QFZACJI,4
A21CL3NXLUNU9E,B00QGJ91A4,4
A2MU0SHYXF5F0J,B00QGW67Q2,5
A2JQ02A3OV117X,B00QM69JM6,5
A3R7YVLOYFYLBD,B00QRCK7Q2,1
A1H7O7W3SBJBNJ,B00QRCK7Q2,5
A37MAFXUYZ0ZS3,B00QRCK7Q2,1
A33LEAVQJDMR66,B00QRCK7Q2,1
A3K76AE8LIW3AY,B00QRLTK9I,4
A2JWGISNTUSCDP,B00QRLTK9I,5
ATWMPPB8JKQ06,B00QRLTK9I,5
A3RNN4V6SIO7RX,B00QRLTK9I,5
AE58NFM45X4DJ,B00QRPPCMI,2
A3FYUVMZIUU8WH,B00QRPPCMI,5
A11X9YAMT19MZ5,B00QRPPCMI,5
A3IJYGX509KQAW,B00QRPPCMI,4
A3COZL9OC0W0Z7,B00QRPPCMI,1
AG6BT48YU9EAJ,B00QTICBYA,4
A3UB8HL48EE04H,B00R1EPGRA,5
A24KEEGEMJFIA7,B00R1EPGRA,5
A2R8SZZB0VFX9B,B00R1EPGRA,5
A1YRG4EAZ2W0PC,B00R1EPGRA,5
A1I3D7N978MJV,B00R1EPGRA,5
ADGXYXCGTOG6M,B00R1EPGRA,1
ABF3J5FBTP7K7,B00R1EPGRA,5
A18RKFB36GNIOB,B00R1EPGRA,4
A2PG2FAELKZDH4,B00R1EPGRA,5
A36GMVSF1UGAJE,B00R1EPGRA,1
A2ZJ30ZMFE3VCE,B00R1EPGRA,2
A12TRP4IDBXGSY,B00R1EPGRA,5
A1R4670TZEWVLH,B00R1EPGRA,2
A1RW8VDWCTIRF5,B00R1EPGRA,5
A36ERX541X7ID9,B00R1EPGRA,5
A260GMI79QCNG,B00R1EPGRA,1
A22PKZZK5DSONS,B00R1EPGRA,5
A1SPNOA9DDY0T,B00R1EPGRA,5
A3D1PULHYOGQDV,B00R5U0UBW,5
A34G1QE78CDY5C,B00R5U0UBW,5
A3TJSXQ8LY6TMC,B00R5ZA20G,5
A3VMATDTN0GFBX,B00R5ZA20G,1
A2OSKBS1VPMGAW,B00R6OZQTS,5
A17Q324J112S60,B00R6OZQTS,4
A1EZRKBD2KO9JI,B00R6OZQTS,5
A29ZO1J6OB54NI,B00R6OZQTS,5
A10MFKPDWRE1RS,B00R7DPBVG,4
A2EFPLOZJWJWG0,B00R7DPBVG,5
A2588JG6IMXQOI,B00R85YSYO,3
APSSRJEZ09F3V,B00R85YSYO,5
A2PTHGST65R30X,B00RBGYGPG,5
A3LV0S0100ZR52,B00RBGYGPG,3
A1EKSHKY9G1K18,B00RBGYGPG,5
ADX6KUX4WWSJD,B00RBGYGPG,1
A2VM5KPA38WUEA,B00RBGYGPG,4
A3LX2VT91TE1M1,B00RDLNA7O,5
A33VENBH9B71Q8,B00RDLNA7O,5
A388KNV094E8C6,B00REFU7X4,5
A99KE8FUA06ER,B00RFLXETG,4
A2Q18N99OX9J2N,B00RFLXETG,1
AJN0EGQTSBK9I,B00RFLGH5E,5
A3I77XUEONVYXM,B00RFNO8MQ,3
A2PBCSCOYEXBEI,B00RIDPQ9W,5
AN17Z00NUJW0V,B00RIDPQ9W,5
A1J55L6RGFXIOT,B00RPWO3W2,1
AMTVX8BLC0S44,B00RPWO3W2,4
A12VDGJCWHS8I3,B00RPWO3W2,5
A15VBXDDHKF26B,B00RPWO3W2,5
A2VKA8T01F2BEB,B00RPWO3W2,3
A2RRCR8KH8N7DR,B00RTFHV10,5
A2MZZP3ZU9B5JS,B00RTFHV10,1
A2RAXXXY3Q2TMS,B00RTFHV10,5
A3207X61DYO1RR,B00RVIGY1I,5
AV980EFABUKR5,B00RVIGY1I,4
A364X7HTRFEKP4,B00RVIGY1I,5
AHDXHURFXH3LA,B00RVIGY1I,1
A23YZVZJGGC0YM,B00RVIGY1I,5
ACH80GWHZ51II,B00RVIGY1I,5
A13UP2FQ74VWUD,B00RVIGY1I,5
A33W2HI8ZYIT51,B00RVIGY1I,5
A2UVGJ0ZF7WJ60,B00RVIGY1I,5
A1I3ZO56YCPNEF,B00RVIGY1I,5
A219ZG33MBX4M6,B00RVYJHD4,1
A3Z96U2AVVDJP,B00RVYJHD4,5
AACLPR4RPJ8U5,B00RWXVMRS,5
A33CCIOF1OXCJF,B00RWXVMRS,4
A1RL1OTV8IJMVD,B00RWXVMRS,4
A3S72KF9F2OL9S,B00S1ZUOUW,5
A3J36QZ6KTBGTJ,B00S1ZUOUW,4
A3ME4OH7OIKNJQ,B00S45HPCE,4
A3E92YKL5JCU29,B00S5HLX10,4
A2L0T0TSI2C6K5,B00S5V637A,2
ATAJJMHHHHCLC,B00S5V63PW,3
APL91PZQTIXRP,B00S5V637A,2
A10VWIP9VQ5G8J,B00S5V5PEC,1
A19T3XAIO0UPW3,B00S5V5PEC,5
A31AHA1AP7KU09,B00S5V5PEC,3
AHB2IEW549M3G,B00S5V5PEC,4
A2REXU52Y5DZ2W,B00S5V5PEC,5
A14223WJN32R8J,B00S5V5PEC,5
AXBAHX18TCT9K,B00S6DBGKG,5
A3A7NKSBX5V8QB,B00S6DBGKG,4
A1W5UGWFSOHMVB,B00S6DBGKG,4
A2TN6CYBP77PWJ,B00S6DBGKG,1
A2Z1G8MBJE4SHD,B00S6DBGKG,5
A1SSBJ9QI512EO,B00S6DBGKG,5
A1L75YG72TR6W9,B00S6DBGKG,5
A2SX8M3W9S3Y55,B00S6DBGKG,5
A2KS1770HBAXK5,B00S6IO0NG,5
A2H9G9T3YR30YF,B00S6IO0NG,4
A3V0MO6TE4Q5M5,B00S6IO0NG,5
A37AEK7UBQJN52,B00S6IO0NG,5
A2C97KHI2POCB0,B00S6IO0NG,2
A2YDUTAHPW656X,B00S6IO0NG,3
A3WXBJH10KKDP,B00S6IO0NG,5
ABLRIPM7KU6L6,B00S7SP0L6,1
A1GP0PJLH1V1EN,B00S7SP0L6,1
A1J98256H3WDOS,B00S89EWEU,5
A3MBX8A3F8P3JK,B00S89FKLO,5
A3CCO9EZSN1NKA,B00S89FF78,4
AO5FHKABMG417,B00S89FKLO,5
AQ2IS8HSH9OM5,B00S89EJUC,5
A3B5FSATNW9O3E,B00S89FKLO,5
A1MVW8U8NKK5H7,B00S89FKLO,5
A32RCGDABB3AXT,B00S8GU2OC,1
ATRXUKFINJR3M,B00S8GU2OC,3
A3G7JDZJD1RA9D,B00S8GU2OC,1
A2YJ5162LAAF07,B00S8GU2OC,5
A3MQ44JWA5CPIV,B00S8GU2OC,5
A39LKQQ42IIYXF,B00S8GU2OC,1
AZ11H01TNUC7P,B00S8GU2OC,4
A25GROL6KJV3QG,B00S8GU2OC,5
A1IF3VUAXBTX00,B00SA1QEAG,1
A2YS9FC2F0TXVJ,B00SIKGP26,5
A2HGWAE47HIA3O,B00SIXFQOQ,4
A1RPF82ESDQ0O3,B00SIZGSQE,5
A1QU2XLWU97RDP,B00SNLGXE0,4
A28RKGO1GMIGXI,B00SNLGXE0,1
A15T9FOXB3510Y,B00SNLGXE0,1
A24SO7MDOQBLTV,B00SNLGXE0,5
A14B4MJ7KZE63B,B00SNN6N8O,5
A136CHB8UW6OOX,B00SO32120,5
ATY7KZY3K9VUC,B00SOL9ZH6,4
A2EHYCA29NSQLU,B00SOL9ZH6,1
A1YM31V67AOO6Q,B00SOL9Z1M,5
A1KFZ5OLGJ49MU,B00SOL9Z1M,1
A1ODOGXEYECQQ8,B00SOL9Z1M,4
AC75X9BNPBAVS,B00SOL9Z1M,1
A2DEPZU0CCCE5M,B00SOL9Z1M,3
A2KEJINA3ZFD6S,B00SP3CLCE,5
A3P1DOPT2INRUU,B00SPHZP32,2
A22O25LE620KKR,B00SQRIXYO,1
A2U41JTGUK9AUZ,B00SR4FH4A,2
A3RJOYBJ5QK839,B00SUX3XQC,5
A7JA0HT9SNWT4,B00SUX3XQC,1
A287TAETJKLNKI,B00SUX3XQC,4
A33NRNCCR2MFMC,B00SUY4KPY,5
A3OZQ2IUBE1X72,B00SUX3XQC,5
A1IDGPFVYY0BKA,B00SUX3XQC,4
A1W511P7B2QSQE,B00SUX3XQC,5
AHQOFB428NZZM,B00SUX3XQC,5
A8R4GYZNDGKNN,B00SUX3XQC,5
A37HQAUJNADI0,B00SUX3XQC,5
A3FNX9F9HD7JCL,B00SW06GTE,1
A2XA9MHZ93O5YC,B00SW06GTE,1
A3O2NS5RJ7OU5G,B00SW4YI3G,5
A150ZGPY60G2ZK,B00SW4YI3G,5
A2BBQVHAQ6GGRY,B00SW9WWDO,4
A31K1DUB0M7DL6,B00SW9WWDO,5
A91DPAVEL12II,B00SXPZ05O,4
A2Q5145JUE94M8,B00T3QC096,4
A23MSUO7WYL6KA,B00T3QC096,5
A2HKFMG69ISFF6,B00T3QC096,5
AQFY3681KPM3V,B00T46WS1A,4
AWYB5F2CAMUFJ,B00T46WS1A,5
A2E0M7R1KEKS3P,B00T4AX9VY,5
APTH0OAM9VVFI,B00TDHEFNY,4
A1DJLG7FRY92MH,B00TE0T45Y,1
A3ONS5OT9465M7,B00TE0T45Y,5
A1MR6YKOSU5S47,B00TEP8RIY,5
A3H5EM5IS2BOIH,B00TF9DQXK,5
A3EX5G6YE2BZJ6,B00TF9DQXK,1
A11GTUE1ULY6G7,B00THWPE1M,5
A46C9XPKN7ZBM,B00THWPE1M,5
A30TR0XLX22SPJ,B00TKFEE9E,1
AS46NRQV97DC1,B00TKFEE9E,1
A89XL2TPKVYQP,B00TKFEEAS,5
A16HG44OASH3H4,B00TKFEEAS,4
A2I1GK1AYI42UD,B00TKFEEAS,5
A29KAUFKTY6E4B,B00TKFEEAS,1
A1765IYC3QINBC,B00TO8MABQ,5
A1AYNOJOJD4AZ9,B00TO8MABQ,4
A2FY0VYOWWE3XL,B00TO8MABQ,5
A3NNRA39ZYW4EC,B00TO8MABQ,5
A1GUR4GB33TPDK,B00TO7X2H8,1
AIX6EXD30EVBZ,B00TO7X2H8,5
A2FHZO13XNKAIN,B00TO7X2H8,5
A21OTV6317DN9Q,B00TO7X2H8,4
A28IER30YJMJIZ,B00TO7X2H8,5
A33TBX4FY6TM4Q,B00TOAAHG4,5
A3RZ56ZYID6TB2,B00TOAAHG4,5
A3J062VSMPU2I4,B00TOAAHG4,4
A37KD47W5WONHK,B00TOYNJYW,2
AZ5OO1OS0V789,B00TXBP1NS,1
A1VAXVS5HKS0OY,B00TXBP1NS,1
A3DB11EOJ214OH,B00TXBP1NS,1
AL7SYQL0ASYT5,B00TXBP1NS,5
A3EZHDCUB7I4KM,B00TXBP23C,5
A1RHJX6OA0O9KQ,B00TXBP23C,3
A28PGGPFMPDMAS,B00TXBP23C,5
AFIV69HGHOUTY,B00TXBP23C,5
A1ZH5VIPXSSQ2J,B00TXBP23C,1
AELK0E5DK7LIZ,B00TY2HXFU,5
A382Q9Z6FEMOR2,B00U0OJMYG,4
A1U3XWU9X6716S,B00U0OJMYG,4
A2S8RFDIKXRFBD,B00U0OJMYG,5
A3DP6WCCHI03JU,B00U0OJMYG,5
A1DM23WXI6QCYY,B00U0OJMYG,5
A2Y0U386KFY6Z0,B00U0OJMYG,3
A2J5JJQMJJQTT3,B00U0OJMYG,3
A1ZQBG2QFSCRBD,B00U0OJMYG,5
A1XD6QWFSWNXWF,B00U0OJMYG,5
A2B2SFC4SHH3O3,B00U10GB20,1
ARPLC1VTYN2M2,B00U10GB20,5
A1O0G7JH457K2Z,B00U3GXAJO,5
A1G1JVIEJ360MW,B00U3GXAIA,4
A1X45B7G11DHKD,B00U5Z6TW8,4
AKZBHSHGDAGGR,B00U7HQWRQ,3
A1LMI7J8ZT2IH0,B00U7HQWRQ,1
A1NHSKWQNROEP6,B00UA8D2T8,5
AL9WCK4S2OJPM,B00UBRII7O,4
AFOINW7DLJ0WG,B00UF6NBPA,5
AU76Q212YPCX4,B00UF6NBPA,5
A1KJE47VC0X8JN,B00UJFHOUU,1
A3VKEPH9IVH701,B00UMVFJW6,1
A1S68T2VGI4A72,B00UMVFJW6,5
A2RJL4MPQ0XS9L,B00UMVFJW6,1
A9UIJ3KL7LGLI,B00UMZN47Y,5
A301OGW0PNPBQ4,B00UMZN47Y,5
A3VVMIMMTYQV5F,B00UN7AWY4,5
A3B4IQ66C1INIT,B00UN7AWY4,5
A2BAUL1MVVTVJW,B00UN7AWY4,5
A17CLAF428NVBE,B00UNDESC0,5
A3G79ZEL5LHKRU,B00UNGSY8G,5
A21TX67DALWR1W,B00UNGSY8G,5
A3KRH6EX8D7U24,B00UNGSY8G,3
A3DECRYWZZM0SO,B00UNGSY8G,5
A1I8OS7W7NV3JH,B00UT5KKV0,5
A17CH5GNPL04XI,B00UUBQ0U8,5
A2CHYIOTH5NN5Y,B00UUBRX0Y,5
A2IU0T2Y6L2EMY,B00UUCJRFW,5
A24GT3XXCRK3RL,B00UUCJRFW,5
A3KQUCP5OPVNLD,B00UUCJRFW,4
A3M0YGAVUJ81HJ,B00UUBQ710,5
ARI60NK07Q9D,B00UVN21DK,2
A11HRP3KWIS5O6,B00UVN21DK,5
A1R15Z6VF2U4R,B00UVN21DK,4
A163S6IUUJBCWG,B00UVN21DK,3
A2F323KEJLNQUN,B00UVN20T0,5
A22HQ2YFI8KKMZ,B00UY9F8HW,5
A3FTFH8WEOUUYR,B00UY9F8HW,3
A1I9XGLASZQL8F,B00UY9F8HW,2
A12EXRNS7XL8TM,B00UY9F8HW,5
A1DYL7YJ0BD4WE,B00UY9F8HW,4
AKS2YNH0JVXW2,B00UY9F8HW,5
ASRNYIYVHO6FW,B00V3RKKNQ,5
A2Y9DCETX9T0FM,B00V7RJCD6,5
A2Y45LILEKFDVB,B00V9FJI6M,5
A1U0SRMS0OOD9G,B00VAIEAUM,5
A3N4TZ3SX3XW12,B00VAIEAUM,5
A2IHBKUXP0VDRN,B00VAIEAUM,5
A31PEN7BBPOJ02,B00VAIEAUM,5
ATJN27GI30U1H,B00VAIEAUM,5
A99P332B7T3HN,B00VE7NFQE,5
A12ZL5M08URWPS,B00VE7NFQE,1
A331G59QW3P4W6,B00VE7NFQE,2
A1G9VHKKLM0KFT,B00VFKD4NE,5
A2E0YZ2OGCQ5YH,B00VHFXKZY,5
A14ELMONDMLXLK,B00VIOG8I0,2
A1LGS4XVJLJTXU,B00VIRF4PA,3
A1N4P89OQJ0LN0,B00VM3M65Q,4
A3F8T3BRXRX5P3,B00VM3M65Q,3
A2SX7X8QGQVCJU,B00VNHD8O4,4
A2NUOYRGZ939YF,B00VO7VOUI,5
ASXH3DF64CLI4,B00VQ8RJS6,5
A37O3UPE9R0MLZ,B00VRJZ2CY,4
ARPP0CUQFJ6N6,B00VRJZ2CY,5
A1E53SE5IJM3D,B00VV6YOD6,4
AOPEZ8QS4UERV,B00VV6YOD6,5
A2N54EVXQ6MIU1,B00VV6YOD6,1
A2BOUWY9PUVP36,B00VV6YOD6,5
A2XR40WLWZ7XRF,B00VV6YCLA,4
A3LIY88INKM4MD,B00VV6YOD6,5
A1EIGWEH23LA55,B00VV6YOD6,5
A3NSEKP1W6WBOC,B00VVUJHAC,5
A8XMVW6R9FOE1,B00VWEK4IG,4
A3KJD3H1A3TWF8,B00VWEK4IG,5
AWQP16VGUQML4,B00VWEK4IG,1
A2H28NIWF4G6L7,B00W02VHM6,1
A2141CXCPRHUNK,B00W02VHM6,5
A3V0T0QFIEUANL,B00W02VHM6,2
A23V7GOQQRIVN5,B00W2EN8CE,4
AK564MW6GJABA,B00W4WWCFI,5
AKN2RHIQ12QBQ,B00W4WWCFI,5
A186LZWFZ9IHWY,B00W4WWCFI,5
AM8HURZ00U3SK,B00W514CPQ,4
A3DO9VJHDA9D8B,B00W8XXRPM,1
ACY2YC79Q616H,B00W8XXRPM,5
AL1VDLRRY5UEP,B00W8XXRPM,1
A2Y77XKIH6UGL4,B00W8XXRPM,5
ACHX25GPK1O2L,B00W8XXRPM,5
A3ESQKZHMD0019,B00W9BX3NY,5
AWY29GZYEL9CE,B00W9FLKTY,4
A1TMQJPWHEQYCV,B00WFRVIQG,5
A1SMCM0HL42J5O,B00WFRVIQG,5
AO6UPF2DQI4BF,B00WG58QD0,1
A3NNTM08EV7ES2,B00WG58QD0,4
A34VRVI4CSI5RQ,B00WG58QD0,5
A1D97U0US5G7MA,B00WG58QD0,5
A1FP2LA6M2OJX0,B00WG674IW,4
A17CSBD9Z6BQLP,B00WG674IW,5
A2I18AO597DSDI,B00WJOVCOS,4
A2CQDKI4OL5T5X,B00WJOVCOS,3
A3KZWJ01AXNF5K,B00WJSPZAG,5
A3MZU0EZYPV8W5,B00WM7TRTY,5
A2T00ITOAXCO0D,B00WM7TRTY,5
A2PZHE3D4K5P29,B00WM7TRTY,5
A1QV5QE7UJER76,B00WM7TRTY,5
ANIIY71H4RX8F,B00WMCIOKM,4
ABE2JIEMPLXOG,B00WM7TRTY,5
APTV23BG78QMP,B00WM7TRTY,5
A1975GS27513E6,B00WME7FJQ,5
A3VS2Y0F5ZU4UU,B00WMF7JUA,4
A28Q0JA9H8WZOD,B00WMPFLDM,3
AQGH0BYYYSBMR,B00WMM3PNI,4
A3C50LU8FO6ZGM,B00WMM3PNI,4
A2BGBY3F0KZV4U,B00WQRD3C2,5
A12Q63J2CW51MK,B00WUMTK8O,5
A3NIQF7OEZ3VM1,B00WUUT3Z6,5
ANBMPW6HWHXL8,B00WUUT3Z6,5
A2TKMA52AMCB31,B00WUUT3Z6,5
A3NLES5KYRBFAO,B00WUUT3Z6,5
A3MZPI15WBW69R,B00WUUT3Z6,5
A583JQOKI24QV,B00WW0E8UY,3
AMLWJ1D1J3MS4,B00X3JA97E,5
A248LJAXXKMQCI,B00X3LEJBE,4
A292BQ85QRJSFN,B00X3LEJBE,5
A1HLRP9QF8CNBS,B00X3LEJBE,1
ALYU490TT8K6X,B00X4S5AQO,1
A19EWUN0PTJA64,B00X4S5AQO,4
A23UD3WSQN8XD5,B00X4S5E8S,4
A10LU4EDJ82UFQ,B00X4S5E8S,4
A13FQGX7IUH915,B00X69BUSI,5
A3GL15V2QPN22W,B00X69BUSI,5
AA0XNMQLBB0YO,B00X69BUSI,5
A2592DZYWHGYAG,B00X7CAK62,5
A3PS4VW73PL65K,B00XHORWES,1
ARDN9Q3CGPXSI,B00XHORWES,5
AM22929TVJN7Y,B00XHORWES,5
A2MY0BUM1WR6LC,B00XJ8Q5IG,4
A3GS3CGNJ13PAX,B00XJDP12W,5
A2OP4QRP40WFA6,B00XJDP12W,2
A3UC9UWLT90PRH,B00XJDPMEO,5
A3GDE640K7QR6S,B00XKE0Y04,5
AG0EDQ3VGP6K8,B00XKVLXWK,5
AWOGYN4YMNDL5,B00XM8SM66,5
A3RWJRAMPHUFPX,B00XNG0UKS,4
A3P2WVZPA2PL2M,B00XNG0UFS,5
A2X4H1D1UF9N47,B00XNH7P2S,1
A260EKHC63N2JX,B00XNH7P2S,5
AFU7UJ03H0OP1,B00XNH7P2S,5
A1MY9YV9U9FFQB,B00XNOYHY0,1
A32B57HPCO6OPO,B00XNOYHY0,5
A2F2994BZ6K0OA,B00XNOYHY0,4
A31PWV4L0IN4V8,B00XNOYHY0,5
A1GKOF0C78I4BF,B00XNYXQHE,1
A3SABME21FQ1AA,B00XNYXQHE,4
A2JYOUDH6U9F9C,B00XNYXQHE,5
A2J212VEZ2SIAB,B00XNYXQHE,4
A127P8A5QQ05KN,B00XNYXQHE,4
A12M5VU90ZW3TR,B00XNYXQHE,5
A3M9NJJ5V2JCTV,B00XNYXQHE,5
A2ZD1Z5BM8VZEC,B00XNYXQHE,5
A2335PYBX5C869,B00XNYXQHE,4
A3109EZ2JFTHE0,B00XNYXQHE,3
A3EEPBW7LU4OEL,B00XNYXQHE,5
A28H6PM8PV0S44,B00XNYXQHE,5
A2EPWNEHGHIJOG,B00XNYXQHE,5
AVT1JJOYL10CG,B00XNYXQHE,5
A39LKIPEIH1BC1,B00XNYXQHE,4
A682VFW0J8S4B,B00XNYXQHE,5
AMIN22YY2F1LO,B00XNYXQHE,5
AVJ7XL9DXD7J6,B00XOJCYFI,5
A2R8APMIVRCW8K,B00XR5HRBU,3
A16B4S0KGPJ9P0,B00XSMHZN2,1
A2BDDXDLQ2I6AM,B00XUPX2H0,4
A38ESSTCS9GVOP,B00XV4EERC,1
A3JW711GJ97CEY,B00XV4EERC,2
A3LAX9V1YK384C,B00XVP4EEE,1
A17ZSDKLWHWIXD,B00XVPWLSK,1
A2GV71CE3XCOSI,B00XVUC2GQ,5
A1TJZN9NCSO6U4,B00XVVYOY8,5
A1WL7QTN8VM2SU,B00XVVYOY8,3
A8S3PZSDNPYXB,B00XWIVTXY,5
A1MVVBUJDB37Y1,B00XWIVTXY,5
A5YW8ER5YKDSI,B00XWPAJ1U,1
A3DK532IPCZ56G,B00XWPAJ1U,5
A21GU7XC4O0AHA,B00XWPAJ1U,2
A199B6G1BECOQA,B00XWPAJ1U,1
A3FHMNZ3V6LJU7,B00XWPAJ1U,5
A3AGR7B08V90Y,B00XWPAJ1U,2
A2S6G32FR2DE66,B00XZOSBSG,4
A13V4RE2OTUDEO,B00XZOSBSG,4
A21LX0AROD73W3,B00XZOSBSG,5
A1GAPTVZ6IDQ39,B00Y1VZ3RO,5
ABAOPT8C4ZOSM,B00Y1VZ3RO,5
A1F2T6RK47WKNC,B00Y1VZ3RO,5
A3M8P874I6DFSS,B00Y1VZ3RO,5
A2QV35HED0TCN3,B00Y1VZ3RO,5
A14OGV4C8KQ86F,B00Y1VZ3RO,4
AWVESHC7A2HFL,B00Y1VZ3RO,5
A39GZNNCIFHR20,B00Y1VZ3RO,5
A13E12KAHBDRE7,B00Y1VZ3RO,5
A1XNI7ZT9CFGGB,B00Y1VZ3RO,5
A1E36GGZ9MDTUX,B00Y1VZ3RO,5
A2O489VAPVIH35,B00Y2B641M,5
AF3BYMPWKWO8F,B00YBZDOGC,4
A1EZH7P2O8LD5N,B00YEBZVAA,5
A1DUS8W6O273G8,B00YEBZVAA,2
A3OIFZ91OLV4M1,B00YFN20I8,5
A1F0V0J7YKWU3I,B00YFN20I8,5
A1LMU3CDTTHXY6,B00YFN20I8,5
A3KP1QWC4J8ITM,B00YFN20I8,5
A2AMFEOK7M5AK5,B00YFN20I8,5
AAX660SCFO43V,B00YFN20I8,4
A2H0LHFUPBB8A0,B00YFN20I8,5
A2BKUSBPDX7S8S,B00YFN20I8,5
A39G3ZEUF0HJPF,B00YFN20I8,2
A3T83KDIIRF9SJ,B00YHL1RJG,5
A2L7RC2JF3ECSK,B00YHL1RJG,1
A1WXX0KMUNJDEI,B00YHL1RJG,1
A8ZNE2ATHA5EO,B00YHL1RJG,1
AGCAVJ2YPGAW4,B00YHL1RJG,4
A30FC3LXLWK18R,B00YHL1RJG,2
A3DH3I2CFIWW0O,B00YHL1RJG,5
A39CT5T3R8SJ6L,B00YHL1RJG,5
A2OM5R38PL5W2Y,B00YI8CY6I,5
A27JIMJORGE2P7,B00YLRWYVQ,5
A1HI4QYCY2YWU0,B00YN34IX0,3
A3CH9HQ9NRH3EB,B00YN34IX0,5
A15ZO3V54KP5OF,B00YPH94KQ,5
A6D5J1KMQ6E96,B00YPH94KQ,5
A2C5GRK2PFSVJT,B00YPNTWCK,1
AZV9TQDZU7306,B00YQ8PXRM,1
AHHM83M21U1XD,B00YQ8PXRM,5
AW5DXHYN3TAR5,B00YQ8PXRM,5
A2KOFOTRB9H4W,B00YRLHYD4,5
A2XPN5B917GETL,B00YT70M4Y,5
A3AMXQYI1TS230,B00YT6O9G2,4
AKGD6IGJP1JUP,B00YT6O9G2,5
A3NHM4WSR9LCYO,B00YT71BG2,1
A1AU5CNJ6RQZ4L,B00YU4M4MO,1
A37UU7LD4MWAJQ,B00YXFCTIE,5
A2WC9NFLG57W4H,B00YY3XHLS,5
A2G8VE8A7G4C3C,B00Z14V7R0,5
A12CSO8ZA1ERN4,B00Z6TES7G,5
A1LHFEAJE08MT5,B00Z9YODA0,5
AL9AIKY39N66E,B00Z9ZP5HY,5
AILU4C4Y6EZ48,B00ZHJ8TH0,5
A18SXGCZLH569V,B00ZKSVP74,5
AXYYIXOLSVZP1,B00ZLVU94K,5
A13Y80N3FJJ31I,B00ZOO348C,5
A3DPKL38GD2AOQ,B00ZOO348C,1
A1BWH580B5GSS6,B00ZOO348C,5
APSHIO7YL698L,B00ZOO348C,5
A3LJGXODSO0J3K,B00ZOO348C,1
A2H6HHILS0577G,B00ZOO348C,1
A2WLZ0ILHOYYQW,B00ZOU93Q8,1
A239PP6SR4TLT4,B00ZOU93Q8,5
A3TI1WDAEOTD0I,B00ZQO62ES,5
A4TQD3WTCN7JG,B00ZRHX2F6,2
A1AGQ572KVFGCA,B00ZRHX2F6,2
A1QOKVXB0HOC8B,B00ZRHX2F6,1
A1G8TR220R3DNC,B00ZRHX2F6,1
A43KWV19WOMYP,B00ZWPLMFA,5
A1WLB787PZ6H3T,B00ZWPLMFA,5
A2H9SE8LPMIML4,B00ZWPLMFA,5
A20VBQIE2AFU2A,B00ZWZIAYQ,5
AHGF6JGBQY0L9,B0105TIGI8,5
AJEUXVL5A65JP,B010A5P5WM,5
A1XQZ15VINJKTF,B010A5P5WM,5
AOOIYMKA5J6V0,B010FQ0IZ0,5
A23PP59ZKZPB0L,B010FQ0IZ0,5
A2D6YE8BZM0ECI,B010FQ0IZ0,5
ADFOJ2MNIUTEQ,B010FQ0IZ0,5
A2H88PEOJ4SUZW,B010HSRVVA,5
AAKECDW00FOK9,B010HWCFW6,5
A3I4C5IERH0PGD,B010HSRVVA,5
A34RFCSUMOR2RI,B010HWCFW6,5
ABRYW60ZEUK7I,B010LFISKW,1
A3F5KIC67C3DLN,B010LVAHFK,5
A36MYKD8DZFF9F,B010LVAHFK,5
AERPMT45M4J2Z,B010NXZ5AS,5
A1WVA7V02PQOY6,B010Q2EC6Y,5
A2JHHOUZO5G7RC,B010Q2PC1I,5
A1RZH5ATZ6UWAP,B010SEARPU,5
A3T7LVGA0SGXMJ,B010SEARPU,2
A20FZ8I8R12T59,B010SEARPU,5
A10CGJVD30HSNB,B010S9M3L6,1
A5RNCFB2LYR0,B010TOQDPC,5
A2I5AL1RL0V8NO,B010VUR08S,5
AA9GUR04FKWMK,B010VUR08S,5
A2IOZ71FUD9024,B010VUR08S,5
AJC2YWOCSN78O,B0111LAY0W,5
A1L7FP7ZJ7JBDC,B01198B942,1
AO25CPG3I87XR,B0119H3TRS,5
AY9QJ8LBIQSR2,B011AJRSK4,5
A2NGSESX7911Y1,B011AJRSK4,2
AWHSYOG7EU5L9,B011AJRSK4,2
AQFTPWRW4BNQS,B011AJRSK4,4
A1QMGIA4XMSYBQ,B011AJRSK4,3
A1AZGHK5WW3J81,B011C5M6KI,5
A2OJRU17D3ORFR,B011C5M6KI,5
A3PG17KF6AB2VY,B011COBVYG,5
AN6R0NSLVMCH,B011DJCX4M,4
A1DPB2PTIC030D,B011DJCX4M,3
A14U5H3IBHGKVU,B011KMSNXM,5
A26H8VBO19O9Q3,B011KMSNXM,1
A1SUPZ1VWSJGP1,B011KYIGFU,1
ARR50FB0FLWXY,B011KYIGFU,5
ADWDWU7408ZFI,B011KYIGFU,1
A7VUKZQ5EP4N2,B011M8YACM,1
A2AF0NOCM71J0B,B011M8YACM,5
A3BUPG376PNT0K,B011M8YACM,5
ADBYZRQ6DL86H,B011M8YACM,5
A2N1KW5AREEU86,B011M8YACM,2
ADCQGKDYN415E,B011M8YACM,1
A1OVJAK4J1GZK8,B011M8YACM,2
A36CHGH6ZHHAA0,B011M8YACM,5
AKW7JBNFPEY9G,B011M8YACM,5
A92GM6FP02KMW,B011T3HUG8,5
A3FPM6LAMDUD1C,B011TPWE76,5
A1X635OUM6ONGQ,B0126R4F8W,5
A1GWN9WUXDL2I4,B0126R4F8W,5
A3UZ20LQJ0P5QF,B0126R4F8W,4
AQRLDCG9C7UBA,B0126R4F8W,5
A1ZBBV44XWHMUX,B0126R4F8W,5
A1AIMO3EIZOYSA,B0126R4F8W,5
A2KMGUETWE3MV,B0126R4F8W,5
A1C2NB5RD04OV4,B0126R4F8W,5
AQ4DD40NVBCLK,B0126R4F8W,4
A16I0RVUHRFLGK,B0126R4F8W,5
A2ZYDT5956I0V1,B0126R4F8W,5
A357QPZT57C0WA,B012952R7C,2
A1ITFRPPKFD4KP,B012952R7C,5
AY8LU2QYMBKVJ,B01298VQPS,5
A1W97BFDSEXPGK,B0129YJL36,5
A2Q3WSU5PS2MZO,B012AD7TIA,4
A2VYLXYG3H6TYN,B012AD7TIA,5
AX8OVRMMVWB8Y,B012CK43W6,4
A34K0CI3HJF1FJ,B012IAKX4C,4
A22043U35ZKDPU,B012LSJ6IK,5
A80JWH5US7F6T,B012N3C6OY,2
A2HDXORZON94RH,B012NH1MCM,5
A1MH3ZHJFZGEOQ,B012NH1MCM,3
A1LXLTNB0QCEZ,B012NH1MCM,5
A12YEFKGOAJQ5M,B012NH1MCM,5
A2R7IGI3PUJTKT,B012NH1MCM,5
A2PAC9IAV4RLWV,B012PKV7RC,4
AZ6C1FT7SSPU3,B012PKY79W,1
A1QOK9LU90ACF7,B012PKTG4I,5
A2FFNSRNVNUQQE,B012PKPIEU,2
A3H0FCPI0UHDLM,B012PKV7RC,1
AOLC9ECOU89DZ,B012PKY79W,1
A13DIFDALMVDVL,B012PKX1V2,5
AAQYJQVH2IYLW,B012PKPIEU,5
A1PMZO7VF31VK2,B012PKX1V2,1
A1ITA65AY9V7LX,B012PKV7RC,4
A3F6D5393VJ5LY,B012PKV7RC,1
A2UOHALGF2X77Q,B012PN8646,5
A11WHEBU47BSP2,B012PN8646,1
A1QVOFFLO93538,B012PN8646,3
A3O118RZV9DPU5,B012PKV7RC,5
A230WWM6LOC7TY,B012PKV7RC,1
AB5TLEEKFWLFP,B012PS8JM0,5
AYG3WSPOVMRAY,B012V56654,5
A27F2XD8Y776X4,B012V56FXC,5
A3TWS894I5JBQR,B012V56FXC,3
A6P57B4RLAVQK,B012VYZX6I,5
A16N0SXFBZFPU9,B012ZCNZPM,3
A2M7GHHQUQMD4T,B0131GA4VE,5
AIRS3798Q6OZ6,B0131GA4WI,5
A10QUMTD9JQW6P,B0131GA4WI,1
A2KJUS35X568KZ,B0131GA4WI,5
A3HRPXQC2FKYIE,B0131GA4WI,5
A2BU2CCQSAMV0S,B0131GA4WI,4
A1YBEJZXEL00G,B0131GA4WI,4
A23SUR4E2XRRSE,B0131GA4WI,4
AN9RQ1OYST3UN,B0131GA5EU,4
A2L3VW1K54MEYY,B0131GA5EU,5
A1DVKQE6BFL98Q,B0131GA5EU,5
A3PPY2UX9K8B0V,B0131GA5EU,5
A2SYJDFKGXG44B,B0131GA5EU,5
AU13PWK52786O,B0131GA5EU,4
A6HYXIC2ZZO23,B0131GA5EU,3
A2VLY5FWBRAHQX,B013256ODG,4
A90R2BEN1IFKZ,B0132H3EZA,5
A2OGN68EIOK1DC,B0132H3EZA,5
A2EZUZZ3SS2CBH,B01394M1LO,4
A2V7X8OU95XNLZ,B013CCTOC2,5
A6EXVE5BJ3QI4,B013CCTOC2,1
A1EX0V2DWAL8BE,B013CCTOC2,4
A31CF0VS87YY93,B013CCTOC2,4
AO42WR8XF5N0T,B013CCTOC2,5
ACDFIHOTTJ2UH,B013CCTOC2,1
A1I9Z5G2KWB3A9,B013CCTOC2,5
A2UPCDC8NDOYVI,B013CCTOC2,5
ALLB74W918YRV,B013CCTOC2,2
A1KMBH59N9SQC,B013CCTM2E,5
A1BFE3PSY97MNB,B013CCTOC2,4
A9ZUKCYDWPPUB,B013CCTOC2,5
A2U9SYRUBHT05Y,B013CCTOC2,1
A147MM3DJ08SWX,B013CCTOC2,4
A15ZJGW5FCF7S4,B013CCTOC2,5
A1NA5K80NIPTUH,B013CCTOC2,5
A3G7L6L6SFL62X,B013CCTOC2,5
A134KTZ5BGOOXA,B013CCTOC2,5
A2U3ELNLYMIBDF,B013CCTOC2,5
A2L90NDGU5WIQG,B013CCTOC2,1
A1LN2AXM6KEZE8,B013CCTOC2,5
A1L29QZNOJYGTC,B013CCTM2E,5
AJZPAQ6QT66L,B013CCTM2E,4
A29K9FNHNIEDJO,B013CCTM2E,4
A2YIHDIGY4AKXP,B013CCTM2E,3
A3LE4IEZ2RXP2L,B013CCTM2E,3
A1KDLNTVTMT0RA,B013CCTM2E,1
A2RU6FF682VJ7Q,B013CCTM2E,1
A28NXPA4F9AOH0,B013CCTM2E,5
AQ8Q8MTIILIC6,B013CCTM2E,5
ATWOZJDZN0ZWT,B013CCTM2E,4
A1CFC2AJZTTQHN,B013CCTM2E,1
A2RM95RC22C05O,B013CCTM2E,4
A29W7DQAW1ZZR1,B013CCTM2E,5
AGVX0ZKK2RMEY,B013CCTM2E,5
A1XNI66BLYHVOD,B013CCTM2E,4
A1XTMPGK16V99V,B013CCTM2E,1
A5HGUUZVUPW7C,B013CCTM2E,5
A2R0TMHBQT1ZW0,B013CCTM2E,4
A2DAX9YH4EVXB0,B013CCTM2E,5
A1N0K3RQWRXY1P,B013CCTM2E,5
A2BWTMSYB44ZB9,B013CCTM2E,1
A2LTEAUTDYHS85,B013CCTM2E,5
A35042IWDE456Y,B013CTBOGO,5
A25WKX4QYAEDMJ,B013G4C6O4,4
A2LAUFSP5K4QMI,B013G4BZJG,2
A26V47TWOSX3FR,B013G4EAEI,5
AKFMJQBNZM1WF,B013HJ1XPG,5
A16KXX3263P5IH,B013HJ1XPG,5
ALOF0H1XACWCB,B013HJ1XPG,1
A2JBGNA9RJEQK4,B013HT6K3Q,5
A36NJY5EEM3BYP,B013KX2R9A,5
A1JADDWR1H3M0I,B013OIGJFE,4
A1T1YSCDW0PD25,B013OU8H5W,5
A2ISC49MHXNJJB,B013P0IMKQ,1
A1MKXT1Y1DA3KA,B013P0IMKQ,2
A2I8ZMSB7P7SL9,B013P0IMKQ,5
A1FIUNPS7FOWQH,B013QN3OZU,5
A1YOBLY2WWZOVG,B013QN3OZU,2
A1GOVA8AAMOKAE,B013QVFG94,4
A2RQQ1VY5B09R7,B013RMG5WY,1
A2LLLZDOQM4WEF,B013TXMH0U,5
A16524A623UZYF,B013UHK1M6,5
A3V4D3DBLF29I8,B013UHK1M6,5
A1G2SM1M7REAOA,B013UHK1M6,3
A1WC0C2U8FQ3P9,B013UHK1M6,2
AH8Q9QYRJ888U,B013UHK1M6,5
A2JZLYTGM8CX1M,B013UHK1M6,4
ASG3X0HHMP3K7,B013UHK1M6,3
A2IFKH3TJ10387,B013UHK1M6,4
A1VC668RZPY0GH,B013WTCME2,5
A2X5GR8W3ODVGL,B013WTCME2,5
A3C2C18MXKHVUB,B013WTCME2,5
A2I9433SKTAF12,B013WTCME2,5
A2SFL3B69JZCVT,B013WTCME2,4
AOADTSGQ0CULN,B0140SG7G8,5
A3QG7DKYBJN3NQ,B01443OCNE,5
A115M4UTEVGZN,B01443OCNE,5
A57Z1LEGO5M7R,B0144GCXY6,5
A1L8S15LCYL4K5,B0144GCXY6,5
A2H8F55EZZ89TO,B014EURV9Y,1
A1C3AGFNW91LM5,B014EURV9Y,5
A3QG32P5IF3JAK,B014EURV9Y,5
A2K9UDXFV5J6XG,B014F7BQUG,5
A2REC40850MYEY,B014N4DMI0,5
A2JY3K9JROYKIR,B014QT4B6Y,2
A203Z4K6UIBBB2,B014QT4B6Y,5
A1EWGEK78FAZUD,B014QT4B6Y,2
A1ZCSSCAGBCD49,B014SGZTNY,5
AFAY87DAIXFOB,B014SGZTNY,4
A23HMJS1R0KYFE,B014SGZTNY,5
A3PIPHB1CXA5EG,B014UP40VU,5
A3190RJ4JEAO88,B014VGHG0U,1
A3PQZVIH40FFJ8,B014WWH64O,5
A1DY2OOXOWPU0D,B014WWH64O,5
A25I5MU5IQQLQ3,B014WWH64O,5
A34I125HA8CIX8,B014YN67E6,5
A22GDW6W2I1UD5,B014YN67UK,5
A3IVXI2DUBVJXN,B014YN67E6,5
AF7MU2BJ06WOS,B014YN67E6,5
A3GSGBKCIXB45A,B014YN67E6,4
A162ERGH9ED0EB,B01519BIOQ,5
AFOI8LFZOXMFX,B0151RKYBG,1
A9AMA937OOQGQ,B0151RKYBG,4
A25GE5VY4LWANR,B0151RKYBG,5
AUGQTYAXVWC83,B0151RKYBG,3
A3RY9S0ZYRUHGP,B0151RKYBG,1
A2CJZDR09SY4AB,B0151RKYBG,5
A39NI6V9UYP5BD,B0151RKYBG,5
A2WRH5A5KYR938,B0151RKYBG,5
AWXA37M2C3AKF,B0152B20ZE,5
A9PBPC2RCC85L,B0152B20ZE,5
A33GV5GIF98G8W,B0152B20ZE,5
ASKWULTFCKQTW,B0152E8UEG,5
AKI17X4ZHUN5W,B0156DT79A,5
A3IAV2KD9I4W2P,B0157XKYPK,1
A3SO3TJAJC3F9B,B01580BPU0,5
A2GIBW161I6WRI,B0159ZI4OO,5
A3W2UOWYPYFLNB,B0159ZI4OO,5
ACJX7DQOO5P5M,B015B3ZNAM,3
A39JTT41HF0P80,B015C5IIBU,2
A89VBVQ7Q65RA,B015CH1JIW,1
A3SMFV0TCHJS23,B015CH1JIW,2
AY6JZFX4LK8NU,B015CH1JIW,5
A7M7JDSCN0HMM,B015CH1JIW,5
A1IKC4O45U6RSF,B015CH1JIW,3
A5TP3ELB6N9TT,B015CH1JIW,3
A18563I6RYWMWD,B015CH1JIW,3
AUCIFMWP3DU8R,B015CH1JIW,4
A3M16JSEXT9IKR,B015CH1JIW,4
AVG8L6OBDIZ48,B015EB5KZO,3
AF1T8AE2E28I0,B015EB5KZO,5
A1LF2WGIBNF8S,B015EB5KZO,5
A3O8H1W4Y4QIJE,B015EB5KZO,5
A2HZFC7OGOLPKV,B015GZLG8I,5
A272IF1954KYKY,B015ISUJGS,1
AQXCUKSYDMS3S,B015ISUJGS,5
A3TO4Z9TDAR09N,B015ISUJGS,5
A182OZIFZCBPIK,B015ISUJGS,5
A3ADW6ME4ROSIC,B015JKNDJ0,5
A35RQBU8TRVNLV,B015JKNDJ0,5
A168A1A48MXJ4F,B015JKNDJ0,4
A1ESSHGKZJ0ZBC,B015JKNDJ0,4
A322WKOXIXW9GL,B015K11VME,1
A1K6EMU00W34A5,B015K11VME,3
A3D2YHVYA7SXRJ,B015MPQQ0A,5
A3W22MVDRX7VX9,B015MPQQ0A,3
A2LNUWNM9OKJ6S,B015MPQQ0A,3
AHC8D8VFXV22V,B015MPQQ0A,5
ACZ5BPUWY7E2Y,B015MPQQ0A,4
A1BZYBTOPXO6VM,B015MPQQ0A,4
A1OAIOQQS1UJE3,B015MPQQ0A,5
A2VNGYI1E2NOS6,B015MPQQ0A,5
A1UTKFGSS66X7H,B015MPQQ0A,5
A2OBDNQ5ZYU1L8,B015NBV43M,4
A3SOHG421Y3Y2W,B015NUUA6U,5
A1UFRFR3BUWHED,B015PC7R6W,5
A301RC5RIED9FO,B015PC7R6W,5
A1GBZ35XZ6B95N,B015PC7R6W,5
A3AYSYSLHU26U9,B015PC7R6W,5
A1ZYJBTCO8GYH8,B015PG6VU6,5
A3OSJLRGC5RXL7,B015QZHCC2,2
A8TP7ZWZLM88N,B015QZJ52C,1
A28C8N5DJPTKE2,B015QZJ52C,5
A16JT7E5121OAB,B015RGRM7U,5
A11Z0PCKRDJDZZ,B015ST5E76,5
A1KS1Y2TMVUTDP,B015ST5E76,5
A3VE4IP1U4QBWO,B015XK1JI8,4
A3PJZ8TU8FDQ1K,B015XQK6GS,5
A169XIPOTNI3TI,B015XYBWRW,5
A2QXWFE10NO0ME,B015Z7XE0A,1
A29I6KU691TY6K,B015Z7XE0A,5
A129M8Y1KAGN1H,B015Z7XE0A,5
A29ASQH9QK4YHP,B015Z7XE0A,5
A3I29TA5KYZN1U,B015Z7XE0A,1
A3LSLKGH1K0GSO,B015Z7XE0A,5
A3OPXW9S46Y6MK,B015Z7XE0A,5
ANUPY58NIGEZ8,B015Z7XE0A,4
A2ZKFHRTB2XZ5B,B015Z7XE0A,2
A4PNU6ZE85B96,B015Z7XE0A,3
A3PBC8NZDJVKG,B015Z7XE0A,5
A1GGC6BOXBVW8Y,B015Z7XE0A,4
A1JKTVUNE70C0U,B015Z7XE0A,1
A2H2ADY60RIF3O,B015Z7XE0A,3
A16BREVLC0F1U2,B015Z7XE0A,4
A3FC0PKRV2D8V4,B015Z7XE0A,5
A1QEILW7YKEDM3,B015Z7XE0A,4
A2FLYXUBBTZS50,B0160CP1I2,5
A76IVFZQTOEIP,B0160CP1I2,4
A84A9DDXMKSRZ,B0160EZCMK,5
A26H81CNABX5P5,B0160EZCMK,5
A1L5U2FVCPSVOB,B0160EZCMK,5
A6J80H4NYWI1C,B0160PMEZC,4
A1IK8EIM8E4HX0,B0163TH08Q,5
A2FG0WVIPM8QYD,B0166KRUYG,5
A2ZJA9KC15FTTL,B0166KRUYG,5
AK2QWSZRNZWRI,B0166OF3LY,1
A1TMH98ARQNC5B,B01680V108,5
A12I73B1D67Q0K,B01680V108,5
A2B7V2UOPHBBQS,B01680V108,5
A24G6LB085YCMH,B01691UGGG,5
A3D82C9KKQVQDY,B01691UGGG,5
A3CPCI37MU3BGT,B0169O12WK,5
A1UB9CSDI2D4K7,B0169OC68E,5
AY7TMDDSKN8MC,B016CU2PEU,5
A20AZWZZOWHWH4,B016EOCRGK,5
A16F3QOTRJTXUX,B016EOCRGK,5
AAR1PU3BIBSKI,B016EOCRGK,5
A100K8BPAW2Q7F,B016FMFKXI,5
AGWOGASD25SN7,B016FMFKXI,5
A1WHGPHTF59SUH,B016HI2N9E,2
A1IO4ZGNLSMTSE,B016K4B41I,5
A2M3MG5GUJ3T13,B016K4B41I,1
A2M0WSB37V4KYV,B016K5UZ2G,5
A3VY7LZOBSKEH4,B016MFM1OO,5
A29EVG9P1EK0DW,B016MFM1OO,1
A1WJOGJ4N0YL5L,B016MGD034,4
A284QYJVF7B5FY,B016NNEAQM,2
A28EM6JJ091NQC,B016OPZCSY,5
A1FDVOFGREKA89,B016OPZCSY,5
AFXUOQZYP3HYB,B016OSTERG,4
AWZN1NTOOZKQL,B016R1S228,5
A2D1XB8E29JXHU,B016RFHGZS,5
A2IYIFFZQXD74V,B016RFHGZS,1
A3K9ZQ7C9009BT,B016RO13RG,4
A564SA4BGRQH1,B016RO13RG,5
A2XK8HAZWA0U6E,B016RO13RG,3
A5DY3I4STWA6N,B016RNW9H0,2
A33LICR45WT6ZN,B016UEDG8W,5
A1D0GCK6BI7CHR,B016UEDG8W,4
A309PIJ9FJ4UHX,B016WVHQ52,1
A3BWNBIMRXX84T,B016ZJDWZE,5
A2PVZ5VV2EQR3V,B016ZJDWZE,2
A27D0J0WO1XAHD,B016ZJDWZE,5
A1H4IVXNXWWBLV,B016ZNTUQA,5
A1T2AG0S4G8HVX,B016ZNTUQA,5
A578ANR1FGHT8,B016ZNTUQA,5
A13F67QG4SU8GB,B016ZNTUQA,3
A2STSTRQD1OE7G,B016ZNTUQA,4
A10DPM893YPGLJ,B016ZNTUQA,5
A27UIJ3VD7VJWI,B016ZNTUQA,5
A2LTIC781HI5VC,B0173AF720,4
A223ZTICGK9131,B0173AF720,3
A1P7DRFLNVWYG,B0177JGYNI,4
A27UW0BS75YSBW,B0177JGYNI,5
A3CN7NO9XAYK3V,B0179N39KS,3
ASNWDIUX8VJEV,B0179N39KS,5
A2024QM6DB2LEI,B0179UEXOW,5
A33D9CLL0TZ1M3,B017AECYPW,5
A1Q8D2VA6REQVJ,B017AKMPC8,1
A3SMPC84SOLLL9,B017AV66NG,4
A2PNGN2Z5SREQB,B017AVWAVS,5
A15QCQT2WLEHJ3,B017AV5P7O,5
A3KUMYDD434JJ6,B017D3K8IK,5
A1S410R321Z201,B017E9SDPI,5
A3H4S6YO9VNGDZ,B017IIW8QU,5
A2KFPPHHNYARD1,B017IIW8QU,5
A39V2YMY4HP7ED,B017IIW8QU,5
ADTHC5LNT7QWM,B017IKKA3G,5
A2FRKEXDXDN1KI,B017JIHKWQ,5
A1K7X6NMIBSPEA,B017NIDYH2,5
A3C2B2FKA1UCH,B017NIDYH2,1
A2GVAZN6XIO3LT,B017NIDYH2,5
A2ZMEWT306OBWD,B017NIDYH2,5
A4O80H62M7S5T,B017OUHER0,1
ADLVFFE4VBT8,B017OUHER0,5
A2Z0LW0R3W3R4J,B017P8UL62,2
ATCM95UIE3T05,B017P8UL62,4
A3VNW443EK1FWA,B017R4SXIW,3
A3IC9PZCK6ZEI1,B017R4SXIW,4
A38ZJLYCO1TC3I,B017R4SXIW,4
A2ZUYJ7P6IWDC2,B017SHVIEE,4
AU06D9BJMXOSR,B017TJN22C,5
AU6K42ONG55O5,B017VKKKUG,4
A2TBZAC0XYHLIB,B017VXU6GG,5
A30HU29WA7V60E,B017VXU6GG,5
A3OV1MTGF69QVY,B017X3QC9O,5
A1AI8WBBTLENGW,B017X3QC9O,5
AV1X5UX2Y0V4O,B017XE0YFG,4
A1Z5MICD54JML0,B017XF4VRM,4
AU5W9EADCAVE3,B01809N39W,1
A1LJ9FOTKN7GYU,B0180PFSQW,4
AMB1QBGSC862Q,B0182MIZFE,5
A172PF90KKJ1FV,B0183G0KL6,5
A32LX4XJ2LU740,B0183G0KL6,5
A3VU49JD6OZ34A,B0183JJ7WG,4
A36JKIVRO5U359,B0183JJ7WG,5
A3VMMNJAYVAXMZ,B0183JJ7WG,5
A25WAL1U5EL9MZ,B0183SA0R8,1
A2FLAVEBAQSHF9,B0185C5Y0U,4
A2L9OPJAAEK08Q,B0185C5Y0U,3
A3GL45R9GJNQ40,B0185CMGYM,5
A2A6Q83993I11T,B0185KA9CK,2
A1PRHHR8LCQ5JX,B018DLXLSK,5
A10J6RJUQ44O4P,B018EEYJ6Y,5
AIPMWYA4G4YFX,B018FTE87S,5
A17TFRH32T13LG,B018FTE87S,5
ADVDZSTM9UKTG,B018G00CZS,1
A1MYZQHMFTLYFC,B018G00CZS,4
A2DKQQIZ793AV5,B018G00CZS,5
A2AJJX1RH4D7IV,B018G00CZS,3
A1KIVVR1J2Z77W,B018MYTF4W,4
A3E7NXNE3RRQ2O,B018MYTF4W,5
A1LWHG8Q7LYX5J,B018MYTF4W,5
A37HYC1BCV7A53,B018MYTF4W,5
AFBQ4007ZD0A7,B018MYTF4W,5
AYV7GCIBZ3QRJ,B018MYTF4W,1
A1WGJKXXD9ZNUT,B018MYTF4W,2
A12WNOF88S894E,B018MYTF4W,5
A1ZFNGD65QY4M6,B018MYTF4W,3
APSGLTMQUHPWZ,B018NTTC44,5
A1OT9UJU5J5SCZ,B018NYMFVG,5
A3O015Q7VEQKDJ,B018Q6AAIQ,4
AOI8UIFCEL2NI,B018RAVXDM,5
A2217Y65JWR4H1,B018S7IYZ4,5
A24VM5UMCK84YI,B018S7ZNDU,5
A1JKAMCVKN7DJP,B018T28QNS,5
A3T1LD0C65QCWK,B018T5P8AY,5
A1MCH5RXDOH87H,B018T5P8AY,5
A1ZDO4IPWYDDDU,B018T5P8AY,5
A1UXUKBHG33FVX,B018T5P8AY,5
A3POLIK2AQFPIG,B018T5P8AY,5
A26UUPKDYTVIXA,B018VVTMGW,5
A2G8O9AQ2YDO57,B018VVTMGW,5
AW8UKS829SIEH,B018VVTMGW,5
AO1LUJ8VJ03OZ,B018WYOCBS,4
AJU7G6MB1NP07,B018WYOCBS,5
A1KB43BI085A48,B018X3IMDM,5
A1HPCGOG0FLNYC,B018XMPQLO,5
A3U6C7XYLDDI2P,B018XMPQLO,1
A2FE7EJXXXW8WF,B018XMPQLO,5
A30R2FLZS3JXWE,B018ZBUSK2,4
A9TCE8W276HFJ,B018ZBUSK2,5
A1C7KTCIDR8Q0P,B01915JBN6,5
A3SOJ5T0FJ0WUB,B01915JBN6,5
A3BI0UJMO3Z8OP,B0191DICWE,2
AZMFTLN4HMVI7,B0191PQK76,3
A15945H0Z4D10H,B0191PQK76,5
A1JHGRAYIBRG50,B0191PQK76,2
ABHQKTNNQDQ4P,B0191S9LKQ,1
AVSMD1F8G5Z0O,B0191PQK76,5
A1O2IDV7NQ565O,B0191S9LKQ,3
A3VGVGGE3COGV,B0192ZB6PG,5
A32RKDCSAF58ZB,B0194Q2G7K,5
A1ASJVEIGLTUM4,B0194X4MSO,5
A26M0PF4A0DT3K,B0194X4MSO,1
A2TGMGZ116G6AW,B0195XZFFW,5
A11VS7QA3HGM73,B01982R350,5
A2B064CEECRXNT,B01982R350,4
A2M11U6YGVQU7I,B0198806DU,1
A1MXV7T3IKFHP0,B0198W55QY,5
A2JTYEAC1UCY0B,B019C34QJQ,5
A2IH446UZZY6CA,B019C51VJW,2
A3PM4QHNGW4AF1,B019CSI6KQ,4
A12GHE1KPXR5QO,B019E1EEL6,1
A2WEETK3M95628,B019E6YVXC,5
A1VVOLBJTY3Y26,B019E6YVXC,5
A2PSBNDRUX35UX,B019E6YVXC,5
A1Z7MHOAWXRJBP,B019E6YVXC,5
A1QZO1N8VDCL1Y,B019E6YVXC,5
A3QJOZGZFKJ4TQ,B019E6YVXC,5
A2PUUXYTAXONO0,B019E6YVXC,5
A2JWW4BC9WQQP2,B019F6F1NK,5
A35OFFNQPKC59U,B019F6UBJO,5
A383KTIUQ4C7K4,B019FN63OO,1
A36KNCRMS52BXJ,B019FN63OO,1
A3UBXVI0SQEU9Y,B019FN63OO,3
A14JBFNI2CEGV9,B019FN63OO,3
A34N4U9L9YM9AK,B019FN63OO,4
ABDR6IJ93HFIO,B019FN63OO,5
A1DT9UKGJ4PYB2,B019FPK7LM,4
A32WGIPHNPV3WS,B019FN63OO,5
A2S31JKX5LEVDK,B019FN63OO,3
ASNJU8CAVW26U,B019FN63OO,5
AX7JSJMSYQBST,B019FPJDQ2,1
A18K9J2NS5BZX8,B019H8997K,5
A2RXIJIQTCYVR,B019JY9A9E,5
A3QVAVJEBPMGBB,B019KYJIC2,2
A1PBTRKJSSAE5W,B019O361EW,3
AT4P8ITPPKJ8J,B019OPENU4,5
A2JFUCU9AICV3F,B019PHF9UY,2
A1KE5HHCCIK57P,B019PI9QFC,3
AJ2J2BTF512P7,B019PI9QFC,5
A16G1USHG4V7HW,B019PI9QFC,5
AOX4XPPH41OY1,B019PI9QFC,4
A2LNVAB6S5YONK,B019PI9QFC,4
A1L1YB3SHYKQ,B019PI9QFC,5
A23EDJD23K4OFL,B019PI9QFC,5
A38QUL4LP8DJQR,B019PI9QFC,5
ALAH066L214OG,B019RM93S6,5
A15T2X8PU7ATRG,B019XOJ874,4
ATZB7WTCH7QO5,B019Z28CE4,5
A2Y1E03V4CPTB7,B01A0KOL6S,5
ARVMODCAOQ1KC,B01A0WK5DE,5
ALU9NCXDFJI4K,B01A109UHW,4
A2HRHF83I3NDGT,B01A109UHW,5
A3BXW3GJS10VHV,B01A4XXLJ4,4
AO7BQKTTEJROL,B01A5DGJQA,5
ATWTKK5MU6RCI,B01A5HIQCQ,4
A2HV9ACERY1WHT,B01A5LAW4C,5
A22RSL9WASR0X8,B01A6FDP6O,5
AFMXCXU7KZ302,B01A6ND1LU,4
A7OWMS2EJIW4R,B01A7A7B0E,5
A31U43GO3YGSJ7,B01A7SHYGW,5
A1KSOVHCQT6XS8,B01A7SHYGW,4
A1Y8BH33MW9RDR,B01A7SHYGW,3
A28LW8TTHKPMYF,B01A7SHYGW,4
A3VSVFJ8UEYOLK,B01A7SHYGW,5
A39H12DLKHV6SJ,B01AAIJ0TI,4
A2T74X634YZC2W,B01ABTHI7C,1
A2V420YDTJ6DHA,B01ABTHI7C,5
A47XKBF151AF8,B01AC40O5O,1
A38F16J0F9HMDD,B01ACSYWUI,5
A3RH3HS2KBTJMT,B01ACSYWUI,5
A1G77PBXH0VIGL,B01AHKYIRS,5
A3SNMCQUGARKBT,B01AHKYIRS,5
A2OHBPWKKL4LAV,B01AHKYIRS,5
A3IBQUMCV64Q88,B01AHKYIRS,5
A3VI2XWBSCKQYA,B01AHKYIRS,5
A1KGZYC025VQWT,B01AHKYIRS,4
A7YZGRWPGBRD7,B01AIAA7KY,4
A1LFLNPW5HKNWS,B01AIAA7KY,5
A7D627AMSJEH8,B01AIAA7KY,5
A3DJHAGD9JXNJF,B01AIAA7KY,5
A5HF7XISWJ0O5,B01AIAA7KY,5
A3D2ZAH0U5UX7R,B01AIAA7KY,5
A35ZNOGNDS69NG,B01ALD4D76,5
A349JI2UDHNV2L,B01AMTU11G,5
A10AQMEFDTT7J5,B01AMTU11G,5
A2ZLG1HD6E6FJY,B01AMTU11G,5
A4ZF4QYMT6BO7,B01ANJW6XG,2
A96PXRLPBVGYC,B01ANJW6XG,4
AV5VRY9NI64GJ,B01ANJW6XG,5
A206HAIUJ31S6H,B01ANJW6XG,5
A274KXWC5PGKMX,B01ANJW6XG,5
A16091I1BHYSTF,B01ANJW6XG,5
A19QJ4G3GVFO6N,B01ANJW6XG,5
AUYPI3OTR02CS,B01ANJW6XG,5
A3TQRTPVWZGN7F,B01ANJW6XG,5
AD3REXZ6FOS77,B01AO1QAA8,3
A3CI4L6CX4KJ6Y,B01AO1QC0Q,5
A2V3WLOPBX75XV,B01AS8U8PU,5
A3ND249WRKTBYI,B01AS8U8PU,5
A3KFVX0AHKDZDC,B01AS8U8PU,5
AFNLRY4CGOOQF,B01ASWH5KW,5
AJYOFB21OAQK0,B01ASWH5KW,5
A1M3WLC0CN40XR,B01ASWH5KW,4
A3M47Q7TVTYMQ6,B01ASWH5KW,2
A2EL1FJOI6I7NK,B01AT23UGE,5
A1492X9WKFQERN,B01AT281AY,3
A30HHGQ1P5OXTZ,B01AT281AY,5
A1D5PI6K72SFQP,B01AU5TI6G,5
AQZHY4F7SPLJF,B01AUKU1OO,5
A3MCSMQXDBHYCN,B01AUKU1OO,5
A30SNBHU0J953O,B01AUKU1OO,1
A31NH026XYNLW5,B01AUKU1OO,5
A368Q44U8LKWNH,B01AUKU1OO,5
A3IXT31LMOCKCA,B01AUKU1OO,3
AA2CWSBPBLNRY,B01AUKU1OO,4
A3IFE8MEWNSMRE,B01AUKU1OO,5
A2617WC6NCG678,B01AVF6WN2,2
AVVKZJ6B6RYTY,B01AVF6WN2,5
AKTDFNQ1Q008E,B01AVF6WN2,4
A1FIRGVQRK5RMD,B01AVF6WN2,5
A1CCMW354ELJ3U,B01AVF6WN2,5
A35Y8PD1CL6FDW,B01AVF6WN2,5
A5R2B0FQ4DXYE,B01AVF6WN2,5
A24FG2MW7O8JWP,B01AVF6WN2,5
A2HBKZLFKQ64NH,B01AVTG3OG,1
A1XLB6WBMF201U,B01AW7Q5XQ,5
A54ZA5KN30323,B01AWZ3JLO,2
A289EUSXFDSVW4,B01AX6J7P4,4
A2DMUER0GFRDJX,B01AXGYS30,5
A11NUX7G9OSW9L,B01AXWVO36,4
A8ARRWYKXRNW5,B01AYBL4HW,5
A15QVOLQCIWAE6,B01AYBL4HW,4
AYAA8M2RNFIRH,B01AYMAV1Q,5
A1ORWQLEC5UAIB,B01B15LDBM,5
A2N2N9T84GPCR5,B01B15LDBM,1
A3NMDIM1ZMTR8S,B01B15LDBM,5
A3TBRKIOSSYO4T,B01B15LDBM,5
A2X8Y1HNHW2LG0,B01B15LDBM,3
A3SGOQZF6KQQE,B01B15LDBM,5
A3F8ERH5CIQHJ1,B01B15LDBM,5
A39PLOEUJWRIAA,B01B29NV1W,5
A2SRGXFEMF1J7E,B01B2YMHQW,1
A3LL66AE9IFRE2,B01B4IX68O,5
A22O6FX57I4ERI,B01B6FZI1I,5
AWNFFBJ6J1PSW,B01B70IGF2,5
A1O89CUBJPN6ZL,B01B70IGF2,5
APPI8V93DBW27,B01B7MFUT0,4
A1C4VI3MN134AP,B01BDKUCXK,5
A2K6X2CBTCQW6Z,B01BFZ2SW6,4
AIL8HPXKT4IAH,B01BFZ2SW6,4
A2N8MJWR19U887,B01BGTG41W,1
A37GA9MCQGOADK,B01BGTG41W,4
A20HGA3V17VLYR,B01BGTG41W,5
A1UXS6HN7UMN7L,B01BGTG41W,1
A2HWR1MAFFD5UC,B01BGTG41W,2
A18FQFU7W5YAPV,B01BGTG41W,3
A126G8SX11WO0D,B01BGTG41W,1
A2M4IEB226991F,B01BGTG41W,4
A1HRDIMSH5FHKB,B01BGTG41W,5
ATEK8THMYFP7V,B01BGTG41W,3
A3N6VBAVGRAKP4,B01BGTG41W,2
A3DO87YMNQXCI0,B01BGTG41W,1
ADXKEG0THXZBH,B01BO61CMS,5
A1VUYY6XISPAUW,B01BUSN07K,1
A2G4FFAOTICWUQ,B01BUSN07K,2
AAPY5WF1UOVJ6,B01BWEMFC8,1
A3G5Z3PQOCK63J,B01BXMOREI,1
ASXCY71RDV6LZ,B01C0J7L1E,3
A2KD34CFJHIVR7,B01C316EIK,5
A36BLHR13HECZ1,B01C3PS67I,2
A15M4L5CV2ASB0,B01C4067IC,5
A22JCIPUIMC409,B01C4067IC,5
A1ISVO62ZDN47G,B01C4067IC,3
A3FY52LFLB0HKM,B01C53CVI8,5
A0698182HBSA2D2MEX40,B01C6031MA,5
ASD5QTHF8Q8IQ,B01C6031MA,1
A3BXLNUGMI65M1,B01C6031MA,1
A2YQ5C9VYQK2M3,B01C6031MA,5
A23M71UVSCW57M,B01C73C1N6,4
AEZ0X08KA6GPH,B01C8IVL7W,5
A2YT5IO3DKN3AN,B01C8IVL7W,5
A2W7GN1ITN6R19,B01CCH35E6,5
A3BEB60RU18BD8,B01CCY0ACO,5
A2P1GTW1PO6X0V,B01CCY0ACO,5
A18YB9LXBDRKAK,B01CDYB0QS,4
AGRDY1H5NAVJ3,B01CDYB0QS,3
AAOYA0DKWED4W,B01CFHXO80,5
AZ7QA0FJ486NR,B01CG9AOVM,4
A37E0Y695A86PJ,B01CGF50RO,5
A331BHAR0TRLWT,B01CGF50RO,5
A2INEMTN9P22H8,B01CGGW918,5
A2MPDXI08K1WY,B01CGH9YEW,5
A2MU90PYPXRTH5,B01CJOH1WO,5
A3VPE4EA4O9YFQ,B01CJYLXQ4,5
AD2VMJ1XDHB9F,B01CJYLXQ4,5
A2CH62B9QLFUBV,B01CKVM158,5
A16ALXKQ02SKYG,B01CN478DM,5
A222QY638UKJ6Y,B01CNCV7NG,5
A1QSHS0PXQ0GHX,B01CNCV7NG,1
A2Z406MW70N5UO,B01CNI9F52,5
AFHEZGMVH48NG,B01CNI9F52,5
AF7AQHLX1UV1Z,B01CNZWQ4W,5
ANQATGTI6MVJQ,B01COD9P2O,1
A3K1EFI9EFWRSY,B01COEN97K,4
AB6ARMI4Q78QK,B01COOQIKU,5
ASII5R7E1QDOZ,B01COVL88K,5
A19A7X3X37G4W7,B01COVL88K,5
A10UUM79YT5T2A,B01COVL88K,5
A3F9CMU8KNAY1M,B01CP215CC,5
A3PF1IVKQ8251H,B01CPJC8AI,5
A3RN7XVSPEKZCF,B01CQ8AZPS,5
A2EFIJJL5QO73O,B01CQCUQ12,5
A1GC24WOA08DS6,B01CQCUQ12,5
AKA9X5KP8UD1O,B01CQT33O2,5
AC0X19EGMCW7L,B01CSG0OTU,3
A1GOL2CJ2ETQS9,B01CTQ3JKK,4
A2N6ULDUETUAVU,B01CUZKM3C,5
A15QWL32JTFT62,B01CUZKM3C,5
A38URIRCLMUPS4,B01CUZKM3C,5
AJ3H8C9Q9JAE2,B01CV9G1BO,3
AMCOFIXEJ1B9Q,B01CV9G1BO,1
APIZAXRHI2RWI,B01CVOMZDM,4
A1MVH3S3T9MQ1T,B01CVOMZDM,4
A2FZLLT6V52FNU,B01CVOL81W,5
A2PR4CK7LT29EV,B01CX0HYS0,3
A3TNM3C9ENUCFW,B01CX4U7J4,5
A3VI2VETB90ZG5,B01CX4U7J4,5
A1KHP9VQRG2JQY,B01D04ZBKG,3
A3ANGWW62RQBHS,B01D0C0DC4,2
AF74UAKV3Q3W0,B01D0YXXQA,5
A1BBL7UAM1XKSE,B01D1AMZFS,5
A3EWW9I3WUEQXG,B01D2TSFX4,5
A34I9VJA8QEKYZ,B01D2TSFX4,5
A1IBUBA244PDJ,B01D30910S,5
A3RGG6VEEVJQ1E,B01D30910S,5
A1B8PD27WVERCY,B01D4GN5DK,5
A13SYRDPCQRBCG,B01D4GN5DK,1
A2YE0Q518XFWL5,B01D4GN5DK,5
A2KMFJ1STBVEL0,B01D61P3EC,5
A3PM7ORHFQBB6I,B01D69Y5TS,5
A2SRBZZ4QW20Z8,B01D69Y5TS,5
A1SBDSYUMHEB72,B01D7HQHJK,5
AGGWRYLF2626H,B01D804Z5O,4
AIFRW4O1GV4X,B01D804Z5O,5
A93QA3SDPRHTL,B01D8ALSKO,5
A37GB3YY7Q365I,B01D8IGMN4,5
A3LXV1YNVOTDS5,B01D90IBSA,5
A2KM5J6Z04RHK5,B01D9R18NS,4
A2PCLY1XDVEBJ7,B01D9R1AEK,5
A2ILYM6FEB0Q1P,B01DBKZZEG,4
A22XMSG5BZKNOM,B01DBKZZEG,1
A326OWAO1JPZT5,B01DBKZZEG,2
A3NW3OQB4AD77I,B01DDPUQTS,5
A301FLRJJIASWX,B01DEMTOQ6,5
A37IZJN43A0ZDR,B01DEMTOQ6,5
A2VZ8UR55643HM,B01DEMTOQ6,2
A33OBLUJDFNV8X,B01DF2S4G6,5
AVE6B6439VE76,B01DF2S4G6,5
AUUFF9FQBZPBH,B01DG4L5W8,5
A1EZMU02XNK3DA,B01DHFNZSI,5
AL9EB2KRNNA9B,B01DJ140LQ,1
A1Y1JGWT9OO75T,B01DJ5E68E,5
ALPTK2J9BTUPS,B01DK13VZ6,1
A2WFSOBA6TKTEF,B01DK13VZ6,2
A1PUWV3KW0IR0B,B01DK13VZ6,1
AI6QUQTP0R4JN,B01DK13VZ6,5
A1Y8QDG2KNYSTV,B01DLQLV5C,5
A1KJG1DXMN6YY9,B01DLQLV5C,5
A3TWPW6C78JPGV,B01DNB0642,4
A2LLL38XO4XHYQ,B01DNE7H1O,5
A3DVC6NJ34U3YD,B01DNE7H1O,3
A1XLQ6JU7A3CAO,B01DNE7H1O,5
A1EOTB1WHLSW6G,B01DNE7H1O,3
A9M6JUMSGJRCX,B01DNE7H1O,5
A33BETL32HGCEU,B01DNE7H1O,5
A1C4NBXUUSSQEV,B01DNE7H1O,5
A1NVXTIUPF0RE8,B01DNQFZJI,5
A2VV7HK7MA6I06,B01DNRG6JA,5
A2SMBESBTQOK9R,B01DNTWHQ4,1
A2CVP8AYDF8F5B,B01DQ0GDZ6,4
A1LU94Q3Y5Z86N,B01DZKERVY,5
AWEJFSR7DMHTK,B01DZKERVY,5
A1PJEUW4CPUS3J,B01DZKERVY,5
A25VU7QPF5HHKX,B01DZOX446,3
AZWD2KSANOM4K,B01DZYUKZW,5
A25MWC78PCDFZ7,B01DZYUKZW,5
A32AK6L4K5AMSG,B01DZYUQSI,5
A3BCQBTQVG13PK,B01E019V0O,5
A2JNI9V0X3YHK,B01E17LOL6,5
A1AN8Q3TDZ622X,B01E17LOL6,1
A3EI3D6P7ZOK5N,B01E17LOL6,4
A1JDJ3DH8Z0KMR,B01E17LOL6,4
A1WYMQMQO8LPKI,B01E3IRK52,5
A3ON8JZYT8KBN1,B01E4VHSYG,5
A26EZECFKU7ZVI,B01E4VHSYG,5
A3L8J3KYWAON1T,B01E6VPMEW,2
A3OF505MMJXSQ2,B01E6XW7IY,5
AMTJ1SFXFK7JK,B01E70SBB8,2
A1OMJ4B8OTBGKR,B01E8LKITO,4
A26YM3DY14BV93,B01E8TTWZ2,5
A2AYJJAFNSGSU1,B01E9RTEI8,4
AA506U32M1TCM,B01EHV9D8M,4
AYQO366J7DMQP,B01EIP37IY,5
AC68H7V8WGMB2,B01EL4PVFE,5
AICLH7OFRN9CC,B01EL4PVFE,3
A1742Y6208B8E,B01EL4PVFE,5
A17L144D785DJH,B01EL4PVFE,4
A2VD0Z2N55SJNE,B01ELCHWWG,2
A1M37O4ORZCGO9,B01EM922HI,5
A1OQJTXG1ZJC8Q,B01EMEYJCY,2
A1I4H0OMWAOSHR,B01EMW4CP0,5
A1EG3LHWRH862M,B01EN4PMZG,5
A33LVON2S5CZHK,B01EN4PMZG,5
A2DMY3ZO1VSVWS,B01EN4PMZG,5
A2HYQXNB1RGTEW,B01EN4PMZG,5
A2L4XGVPR42KHL,B01EN4PMZG,4
A1I71LN8V9LWQ5,B01EN95AA8,5
AW7UMXXJKFSNS,B01ER13U1I,5
AMHKOWNJICOG5,B01ER13U1I,5
A2R1R907SMOJHD,B01ER13U1I,4
AOIIPYKC63YX,B01ER13U1I,5
A2I1GWPVGKYN63,B01ER4B7K6,2
A2Y7PN2NMRC9XW,B01ER4B7K6,4
AOPRN4UYPOH40,B01ER4B7K6,5
A3KRJICUVO7TEX,B01ER4B7K6,5
A1B6RH7PUE6RC2,B01ER4B7K6,3
A2VRW963SBUQ8J,B01ER4B7K6,4
A3JLPQ67HP1PPX,B01EU2KRLU,5
A2FRUXAS5JIL78,B01EUCAIGY,5
A3Q3QH6APTCO0P,B01EUVF62Q,4
A39M4WZX6IZLG6,B01EW82GSY,4
A3I4G7XTA8SS2V,B01EW82GSY,5
A27PEW96DDRIP4,B01EW82GSY,5
A2Y2WK19EY00V4,B01EWCDT9A,4
A2FVEA3WIO0TK3,B01EWSU32U,3
A3N9JDOVUTWR71,B01EY2435C,5
A1Z1QG4RNZMYTQ,B01EZ0X034,3
APT88HLPNSGZ,B01EZ0X034,3
A1HSFT8KPC1JLI,B01EZ0X034,1
A13HJ61C6UPEV2,B01EZ0X034,4
A1ICYRDJW2QMTM,B01EZ0X034,1
A81HAO8KEKBZH,B01F4D4WD8,3
A3GMADUPDANSDR,B01F4D4WD8,5
A1GX0G71GK6XL9,B01F4D4WD8,5
A355QA4QFTUI9B,B01F4ORM7A,5
A1XVW6UTYC6W2U,B01F5LVTO4,5
A32EEMJ3YFV50H,B01F6LCCOE,5
ARTHSLN5BW5PW,B01F73LQ34,5
A3MFUMYRGT38U5,B01F7KJDIM,2
AQAS330TPUZO,B01F7KJDIM,5
A36YOT6MGWNSO5,B01F8N6Z5W,5
AQ6AGWKWMTY8H,B01F9RGWF0,5
A1CO8ODF2EG7EB,B01F9RGWF0,1
A2QPQKLNDZQC3N,B01F9RGWF0,1
A134WG9EUOP8SA,B01F9RGWF0,1
A204X2LD6P162A,B01F9RGWF0,5
A2JRKD3DU7046X,B01FABWFH4,5
A3TPNC3TKGCCEI,B01FC3SEU2,4
A1VFX417XDNWIU,B01FC3SEU2,3
ARPNBO2RSZXBC,B01FC3SFWY,5
A2YVE50EG4W19M,B01FC3SFWY,5
A1W5O844N8LSZP,B01FD78EMA,2
A3288P9898Y3OI,B01FD78EMA,4
AZF182NA6KWI6,B01FD78EMA,5
A1NED2JPHBO2TC,B01FDLYEKW,5
AFAIJ8DIG6NU5,B01FDLYEKW,4
A3UYNXF3KCXW31,B01FF0HU48,5
A2A9NI18PH9O0W,B01FF1GR1O,5
A1PWVL5RWT2PPA,B01FF32B3U,5
A25CZDMUOV1IDQ,B01FG231MK,5
AITHBY6N94MJI,B01FHC4HYU,5
A1PEEY3IFLCYOH,B01FHE31C2,3
A1L8PL08LOYO9L,B01FHE31C2,3
A21SL94J53BDS9,B01FHE31C2,5
A3FLV0A5AJWVKM,B01FJSJ2QK,4
AD26NGIRJPGP4,B01FLYO6MW,1
AY8UZIZ5MG345,B01FLYO6MW,3
APYK8PLTDISMD,B01FM4ZYTK,5
AO3QCMAIXXRMK,B01FM4ZYTK,5
A1XRW2U9SFUJVJ,B01FM4ZYTK,1
A231MANVDN086S,B01FN61ZA4,5
A13YHX8QAM9SXX,B01FQCU9C0,5
A1Q1W0V0PAPQQJ,B01FQO0APY,5
AOIIQGTMYMKU9,B01FQO0APY,5
AE0G4EAK0F14I,B01FQO0APY,1
AQDW9T7L3H1FQ,B01FRWTE8Y,4
A1VOADY074F9QQ,B01FRWTE8Y,5
A3NMRD1XD3RA46,B01FS4MCL2,1
A1SMYMFCSCTLY7,B01FS8FIX2,5
A25URW38KXQYTI,B01FSGCL34,4
A3OS2RKZLPBIOC,B01FSGCL34,4
A3U675BLYWF3DB,B01FSGCL34,5
A27J85TEK1DFBW,B01FSGCL34,4
A2SD2TJJSHK4V0,B01FSGCL34,4
A1DQM10J6DF8WI,B01FSGCL34,5
A1X5UALZEYBDP7,B01FSGCL34,3
A18WB3O7B58C99,B01FSGCL34,4
A2JODU7JW66OOZ,B01FSGCL34,5
A1GIYYO65L3WU8,B01FSYBQ9Q,5
A9ZLSJLFA9IPC,B01FUYWMII,5
A3004ZP1351LRT,B01FVV3MGG,4
AIHLTB22EYSOJ,B01FVV3MGG,5
A1B3T47YCGS98D,B01FVV3MGG,5
AJEJA4LGV4R7B,B01FVUHW1I,5
A1JB5WOZI9TBE6,B01FVUHW1I,5
AO7ZK4MGPLGFQ,B01FVUHW1I,5
A3SJLV9TCDNHD3,B01FVZ1H50,5
A1ZOY9CD2UGM36,B01FW0OMII,5
A2J870AXPV6318,B01FWT2N3K,5
AR0W2SEA186A,B01FWT2N3K,4
A1ICB2EZBMG140,B01FWT2N3K,1
A1DLF4UP7B7RVJ,B01FWT7MEA,1
A16W8UVL9AWXCN,B01FWT7MEA,4
A1M81PBQ8FZVBD,B01FY9JZFC,4
A2LY2N12VJACJ0,B01G59ICPE,5
A1NPUDURHDIF8D,B01G5W2I8S,5
A8FQ3LOQIU694,B01G6H5FNW,5
A8I54OGV2WNJT,B01G6R3VEM,5
A17DDYD8BC0ZEC,B01G6R3VEM,1
A1C3IGL1SDNM9E,B01G807M1U,3
A1BEC1PYRMP1Y6,B01G86538S,5
A1ARK60NNOOTEJ,B01G86538S,1
A2TB4HY9EKU23T,B01G86538S,5
A2U6AWBGY1QUR1,B01G86538S,1
A1FOVRPL4RW1VZ,B01G8E4UNY,5
A21IXKLYXAH1Y6,B01GCGWAPS,5
A2AG3GLYREYOBV,B01GDB79T4,5
A2W1BFPI1RVKSD,B01GDB79T4,1
A3U45J9QAV6WV8,B01GDB79T4,1
A32MN9A8V8CUUD,B01GDU4G96,5
A1HEYAL4V55X4D,B01GDUJCWM,5
A34KGD6ZYDDVT0,B01GDUJCWM,5
A2CC495RM3KVOY,B01GFB2E9M,5
A9IGFJ0IXJUI7,B01GGKYKQM,1
A1L76OTXOVAZ77,B01GGKYS6E,5
A2OXF0IL7H9MQM,B01GGKYKQM,5
A37IRE9GZ0CZ7I,B01GGKYWRE,4
ADPO88UT5LLER,B01GGKZ1VA,5
A3KWJVH0CPCEJG,B01GH1C9TA,5
A515RNWAOQKBE,B01GHF5VS2,2
A2PLINS7DFU512,B01GHF5VS2,5
A1VJTCN4CKXIUM,B01GIXNUTU,5
A2ZBUD00JX6HIU,B01GJ5CQ10,5
A2CBSEW3B1XSPE,B01GJ5CQ10,5
AB8B8H7Z79VIZ,B01GJ9EX6M,5
A2KFPCHQZQS7W7,B01GJO68OM,5
A7NCXX9CS4R1,B01GJPC1RY,5
A4Z7T58VKMSZN,B01GJQEXBU,3
A13S25YAUVTB98,B01GJQEXBU,5
AQ1XMQ5UNR3S,B01GKQU66U,5
A3YNJ15ZM3BIP,B01GNYC8SS,5
A1K7HGC3MM9C7Q,B01GP0N8MU,5
A2I89BGF22R262,B01GPXBD4W,5
A18H2GDAGLN0H8,B01GPXBD4W,5
A1A0HPEO3M8IH7,B01GQPXB3U,3
A4UUK2ZGF3HO7,B01GQPXB3U,3
A327IGBZHUGA3X,B01GQPXB3U,3
A29PBY10CGDKA0,B01GQPXB3U,3
AS4RH7JG593FJ,B01GR1A00K,5
A2GI0VNBUE6CJ8,B01GR1A00K,5
A39XLZ723QNARH,B01GSQ2I22,5
A274344NER7ZAT,B01GSQ2I22,5
A1KG3E4FHV8B64,B01GSQ2I22,4
A78973X39G7WU,B01GVVC59A,5
A36RJJ43YP3B2C,B01GVVC59A,5
A1Y4KKCEEYH91H,B01GXJTDEU,5
A1UURJ1461KLO1,B01GYM4GZ2,4
A3ITHDPQRYCBTL,B01GYM4GZ2,5
A22R3HGQC51L3D,B01GYM4GZ2,3
AE7DHGEG95SD9,B01GZMMH7K,5
AB6M01T3GOT85,B01GZMMH7K,5
A3UZ97Q8RKSE5N,B01GZMMH7K,5
ABBZA0BCHKZ2A,B01GZMMH7K,5
A323EMO8OCD3YU,B01GZVI3LA,5
A2MFZDPH8FGK4M,B01H14SFRM,2
A1ZTBODOJ1P1Y4,B01H14SFRM,5
A3914OX5P5O94O,B01H1N4SP6,5
A1L2B7RPOP660H,B01H3563AK,5
A2UEMRN57E4UN4,B01H36HLB4,5
A1V66Y34RI8MXB,B01H36HLB4,5
A366970SHZ675F,B01H36MZZ6,5
A290P67SIO8DXL,B01H36MZZ6,5
A1PDFCXL8CU308,B01H36MWUE,5
A3A8TCA3L828D1,B01H36MWUE,1
A22NFRKCVCGV2Y,B01H36MWUE,3
A19FGKGW699OLB,B01H36MWUE,5
A2UJDFWU8DONA,B01H3UL3NM,5
A2PWHF4ZDCPX,B01H3UL3NM,5
ANUHG49BM01VT,B01H4OC7GY,5
AIF9IY0QZ2KCE,B01H4OC7GY,4
A313F1LZHDE0H7,B01H4OC7GY,5
A1Q9RNXNZX9I9S,B01H4YTH6W,5
A3FKH7YPEP2JXN,B01H4ZLZLQ,5
A3PRRYXSZWVSH7,B01H4ZLZLQ,5
A3C8QMDBXLRCZ9,B01H4ZLZLQ,5
A349UOO1364Z6A,B01H51U5KG,5
A1NVBAQTEA3V0U,B01H733QHG,1
ATNDVAMCHYWU4,B01H7A9XB2,5
A33XZQ3JQ4C1UR,B01H8PYUX2,5
AWXQORMZ3JY4P,B01HB8ULCU,4
A4WAQ2GO9OZQ9,B01HCT3GCU,5
A1H7SMTEON9WN,B01HCY1Q5E,5
A1E9X931E11OY2,B01HCY1Q5E,4
A1BCJ01PEU74ME,B01HCY1Q5E,5
A1FS9OO33P4SLA,B01HDUVMBU,5
AIATMB7B3J9QA,B0009JR3UM,5
AWQZQHGBTX872,B000R5LWRI,5
A1U59OW6J0YXL3,B002TSLG2C,5
A2Q2HF0CHGHXJW,B004BBD1QE,5
A148XAUSK3PBOA,B005AUH8SM,5
AGT25UV6MIRHV,B005JW6VTS,4
A6XP4WLAYAAI1,B005KQ1ZMG,5
A25HP86MQ7NWIW,B005KQ1ZMG,4
A1L6YM7RUED7GK,B005Q310SC,2
A33CNFK776MTWR,B0098C29B4,4
A4VR8Q8T99RKM,B00AAHLWA0,5
ADBQR4TW4VI4E,B00BC20EM4,4
A2WF1IFJH1OREN,B00CSCEKRM,4
A3T4YKPTI32NCU,B00CYQCW04,4
A2MYJZ3PJ6IG9G,B00DTZYY32,4
AFFTVSSV0D5A1,B00EB6H8KY,1
A2IA3B20SY7PIX,B00GMG2D60,5
AH9AUW175XCVP,B00I14395A,4
AKEL1QGAMWJDE,B00L1YNK74,3
A1ZVDKKCLAJJEB,B00NTR49FI,5
A2OEC1PICV8DB8,B00O0NV5HU,1
A179JVEBLH8OF0,B00OHIU0QU,5
A3UFJX9UTYHDO9,B00OMPAOO6,5
A2I8N0Q4N6JY6D,B00S89EWEU,5
A1QLTQFF8TY1TY,B00S89EJUC,1
A1BG7ADA3KWC3P,B00SAVY5CU,1
A4T0B81R7JHFT,B00TDL4TP4,4
ASCNXU6OICB6I,B00W0QKYL2,4
AR3RYMSRTCT4A,B00WG674IW,2
A284KBVQ4OSZR,B00X7WM8QW,5
A3EHBQY7Y26FNM,B00ZR1AETE,5
A1UDI3HF2734PA,B010AUWNFE,5
A3HG0DNFURFXR4,B012RVZI6A,4
A2VAGXU6TQ9H58,B013G4CT8W,3
A2YKH8V4EZ0WDB,B014QM3JY6,4
A3JEHY6YI4OQLP,B014XUOFD0,1
A7829CRHD25WU,B015DRDP9M,5
A23UP0ONIWPVZ9,B015JESWQA,5
A3K4ZOS0RLY579,B015R0ZLDS,5
A2RS6LABBZVG3S,B015XEXP2C,3
ABUXN5PT1I553,B015XQK6GS,5
A23JS2WU0TYP77,B016F8UO5Q,4
A2DIOOKZXF7T2Z,B0175YANYQ,5
A27KJP3KRO5BZX,B017LUP6XW,5
ASJBQG73574ZZ,B017V5ETB2,5
A379JXVG5TVJOE,B019P4LKDC,4
A1RJAU2KR8612X,B01BBL38PK,1
A3SHG02AS5DRSA,B01DBZMQVQ,5
A2O4U272ZQGWP7,B01EYQO0MO,5
A2EEXSBVFIONVA,B01G5LXF36,1
ANB70RRL1OCSW,B01GPZL7UA,4
A753CI3P5XT9J,B01GQPXB3U,1
A3N27TIEKZGAEA,B01H1SMER0,4
A3P8Z4OR28VZFS,B01H88JV6A,5
A2ON4RYI9Z4SQ,B01H88JV6A,5
